"Tile.Size","Prev.Length","Prev.Size","Top.Row","Browse.Time"
0.1,30,0.3,"TC",18.0083501595851
0.3,30,0.3,"TC",16.6208980174667
0.1,90,0.3,"TC",15.4733919436428
0.3,90,0.3,"TC",22.2932361283462
0.1,30,0.5,"TC",21.2776038525694
0.3,30,0.5,"TC",18.278449224032
0.1,90,0.5,"TC",20.8215368128506
0.3,90,0.5,"TC",16.9229557961932
0.1,30,0.3,"TC",22.6253205136009
0.3,30,0.3,"TC",18.9295483041278
0.1,90,0.3,"TC",20.6566716805152
0.3,90,0.3,"TC",14.150994400868
0.1,30,0.5,"TC",18.9695784372666
0.3,30,0.5,"TC",17.9736534602082
0.1,90,0.5,"TC",20.7681183799137
0.3,90,0.5,"TC",18.4095211073744
0.1,30,0.3,"TC",22.6695899179252
0.3,30,0.3,"TC",18.4019028383832
0.1,90,0.3,"TC",23.0177034390733
0.3,90,0.3,"TC",12.1990073299809
0.1,30,0.5,"TC",16.7825223240619
0.3,30,0.5,"TC",23.727197133366
0.1,90,0.5,"TC",14.9169452814769
0.3,90,0.5,"TC",12.7654004315564
0.1,30,0.3,"TC",21.3341496450346
0.3,30,0.3,"TC",24.860613125462
0.1,90,0.3,"TC",21.6958391736831
0.3,90,0.3,"TC",21.2560752050703
0.1,30,0.5,"TC",22.0371009039074
0.3,30,0.5,"TC",18.5575099261777
0.1,90,0.5,"TC",14.5695182252596
0.3,90,0.5,"TC",17.9444994115869
0.1,30,0.3,"TC",21.0383967278094
0.3,30,0.3,"TC",22.8894080353707
0.1,90,0.3,"TC",17.8804743189371
0.3,90,0.3,"TC",21.4941869105966
0.1,30,0.5,"TC",17.7504125458967
0.3,30,0.5,"TC",20.8433818701043
0.1,90,0.5,"TC",14.4468215700879
0.3,90,0.5,"TC",22.8787729819721
0.1,30,0.3,"TC",19.5429421599604
0.3,30,0.3,"TC",20.1482503507891
0.1,90,0.3,"TC",22.653736316989
0.3,90,0.3,"TC",17.2453027516774
0.1,30,0.5,"TC",23.5671370680322
0.3,30,0.5,"TC",16.6534728559197
0.1,90,0.5,"TC",13.4302888092481
0.3,90,0.5,"TC",17.4262659054253
0.1,30,0.3,"TC",22.6167179908154
0.3,30,0.3,"TC",15.989670734522
0.1,90,0.3,"TC",18.9214071859972
0.3,90,0.3,"TC",17.3618343369715
0.1,30,0.5,"TC",19.2168273519665
0.3,30,0.5,"TC",20.6508869368624
0.1,90,0.5,"TC",13.2202000636832
0.3,90,0.5,"TC",19.2526193365502
0.1,30,0.3,"TC",23.1857180213996
0.3,30,0.3,"TC",24.4459520304535
0.1,90,0.3,"TC",19.3701221083038
0.3,90,0.3,"TC",23.8748003668432
0.1,30,0.5,"TC",16.9738665402659
0.3,30,0.5,"TC",20.4690607988724
0.1,90,0.5,"TC",14.4282118803145
0.3,90,0.5,"TC",18.49252799699
0.1,30,0.3,"TC",22.7260252861823
0.3,30,0.3,"TC",17.663386529503
0.1,90,0.3,"TC",20.7797505257079
0.3,90,0.3,"TC",14.5051845736165
0.1,30,0.5,"TC",18.011153823617
0.3,30,0.5,"TC",20.9783077379133
0.1,90,0.5,"TC",18.0362208509828
0.3,90,0.5,"TC",13.4292483107458
0.1,30,0.3,"TC",18.9350519539324
0.3,30,0.3,"TC",19.808255907176
0.1,90,0.3,"TC",22.0514159385253
0.3,90,0.3,"TC",18.4260390974867
0.1,30,0.5,"TC",23.0085255908466
0.3,30,0.5,"TC",24.5032661541613
0.1,90,0.5,"TC",15.015488927121
0.3,90,0.5,"TC",14.0957796521365
0.1,30,0.3,"TC",21.5088056359402
0.3,30,0.3,"TC",19.8981141975629
0.1,90,0.3,"TC",18.092355315064
0.3,90,0.3,"TC",17.2617942918358
0.1,30,0.5,"TC",19.6041239172203
0.3,30,0.5,"TC",23.3417040120917
0.1,90,0.5,"TC",18.1441377449131
0.3,90,0.5,"TC",14.2861860048726
0.1,30,0.3,"TC",17.5849532693305
0.3,30,0.3,"TC",23.1481544640537
0.1,90,0.3,"TC",22.7049132038893
0.3,90,0.3,"TC",18.3472537506001
0.1,30,0.5,"TC",19.3228521084308
0.3,30,0.5,"TC",23.7541216734468
0.1,90,0.5,"TC",15.9977176658476
0.3,90,0.5,"TC",13.0481094483225
0.1,30,0.3,"TC",21.4331414575693
0.3,30,0.3,"TC",24.2707519793822
0.1,90,0.3,"TC",24.5391302549927
0.3,90,0.3,"TC",16.256888776922
0.1,30,0.5,"TC",20.8000989319941
0.3,30,0.5,"TC",18.3408384235549
0.1,90,0.5,"TC",19.7214058378849
0.3,90,0.5,"TC",13.7487938826846
0.1,30,0.3,"TC",17.8651989185527
0.3,30,0.3,"TC",24.2021383199228
0.1,90,0.3,"TC",20.8852918572809
0.3,90,0.3,"TC",18.2903341170825
0.1,30,0.5,"TC",21.7659499861326
0.3,30,0.5,"TC",24.6534388139608
0.1,90,0.5,"TC",15.1789748109482
0.3,90,0.5,"TC",12.3155065417788
0.1,30,0.3,"TC",22.2572900574028
0.3,30,0.3,"TC",16.3964832169567
0.1,90,0.3,"TC",21.6906196946558
0.3,90,0.3,"TC",15.4990440872424
0.1,30,0.5,"TC",20.794766695793
0.3,30,0.5,"TC",16.8558602902743
0.1,90,0.5,"TC",18.9412103904555
0.3,90,0.5,"TC",13.9728944393997
0.1,30,0.3,"TC",19.6977656993882
0.3,30,0.3,"TC",24.7070972767133
0.1,90,0.3,"TC",18.2915957411215
0.3,90,0.3,"TC",18.4105477898003
0.1,30,0.5,"TC",20.5042947593166
0.3,30,0.5,"TC",21.1558021654369
0.1,90,0.5,"TC",13.0006075614633
0.3,90,0.5,"TC",12.0153216660048
0.1,30,0.3,"TC",18.1341241574325
0.3,30,0.3,"TC",24.0684593144962
0.1,90,0.3,"TC",23.9106710767962
0.3,90,0.3,"TC",17.3057965954598
0.1,30,0.5,"TC",22.2778829720323
0.3,30,0.5,"TC",21.0524004438854
0.1,90,0.5,"TC",13.3789431947745
0.3,90,0.5,"TC",18.2655070332722
0.1,30,0.3,"TC",19.9505317542235
0.3,30,0.3,"TC",16.5484099970962
0.1,90,0.3,"TC",23.538786996657
0.3,90,0.3,"TC",23.619979126149
0.1,30,0.5,"TC",23.3791057777357
0.3,30,0.5,"TC",20.9195332725764
0.1,90,0.5,"TC",17.1467005240263
0.3,90,0.5,"TC",21.7121118080426
0.1,30,0.3,"TC",22.7561809889161
0.3,30,0.3,"TC",17.1507393683372
0.1,90,0.3,"TC",22.6640669853975
0.3,90,0.3,"TC",17.5143756229173
0.1,30,0.5,"TC",15.187144872793
0.3,30,0.5,"TC",18.4766981187047
0.1,90,0.5,"TC",15.8228651361244
0.3,90,0.5,"TC",17.2948736172148
0.1,30,0.3,"TC",23.4754623971116
0.3,30,0.3,"TC",20.3966219690138
0.1,90,0.3,"TC",17.6020753068294
0.3,90,0.3,"TC",19.1226655499868
0.1,30,0.5,"TC",12.9464114769008
0.3,30,0.5,"TC",23.564845999074
0.1,90,0.5,"TC",18.8004768751156
0.3,90,0.5,"TC",14.6004495058037
0.1,30,0.3,"TC",20.0693347252396
0.3,30,0.3,"TC",22.4599374207953
0.1,90,0.3,"TC",14.6277217111015
0.3,90,0.3,"TC",20.7017462651439
0.1,30,0.5,"TC",16.3055431349109
0.3,30,0.5,"TC",18.2179169493677
0.1,90,0.5,"TC",17.2560155382106
0.3,90,0.5,"TC",13.9453112616475
0.1,30,0.3,"TC",16.4519822695292
0.3,30,0.3,"TC",19.6902427943435
0.1,90,0.3,"TC",23.5481146115509
0.3,90,0.3,"TC",23.4621771761588
0.1,30,0.5,"TC",21.6752769316314
0.3,30,0.5,"TC",14.0026006783382
0.1,90,0.5,"TC",20.8128983972399
0.3,90,0.5,"TC",19.0218425009442
0.1,30,0.3,"TC",18.2888493318965
0.3,30,0.3,"TC",22.0536884500622
0.1,90,0.3,"TC",16.4223523069434
0.3,90,0.3,"TC",20.5923619859772
0.1,30,0.5,"TC",22.9368294774999
0.3,30,0.5,"TC",23.6888141140358
0.1,90,0.5,"TC",15.7541543521697
0.3,90,0.5,"TC",14.469066848048
0.1,30,0.3,"TC",18.3065380156965
0.3,30,0.3,"TC",21.8949179408742
0.1,90,0.3,"TC",20.8984153884563
0.3,90,0.3,"TC",17.4652568821109
0.1,30,0.5,"TC",27.799546477577
0.3,30,0.5,"TC",13.8272558586542
0.1,90,0.5,"TC",14.7214136303676
0.3,90,0.5,"TC",12.0182729516156
0.1,30,0.3,"TC",22.3693850259318
0.3,30,0.3,"TC",17.8400020810894
0.1,90,0.3,"TC",22.7346549629745
0.3,90,0.3,"TC",21.2322997678771
0.1,30,0.5,"TC",20.75076225941
0.3,30,0.5,"TC",21.453342567398
0.1,90,0.5,"TC",13.5674028938628
0.3,90,0.5,"TC",17.8154345362952
0.1,30,0.3,"TC",19.7750860961066
0.3,30,0.3,"TC",19.3611395105334
0.1,90,0.3,"TC",14.8303083520283
0.3,90,0.3,"TC",20.790344222733
0.1,30,0.5,"TC",18.1578966931088
0.3,30,0.5,"TC",18.5954108549331
0.1,90,0.5,"TC",16.008139850442
0.3,90,0.5,"TC",15.9805408499285
0.1,30,0.3,"TC",18.2348605239255
0.3,30,0.3,"TC",19.4657528341204
0.1,90,0.3,"TC",16.9381635342426
0.3,90,0.3,"TC",15.6663181264676
0.1,30,0.5,"TC",17.5514698041257
0.3,30,0.5,"TC",18.5721308716829
0.1,90,0.5,"TC",11.7715208719753
0.3,90,0.5,"TC",18.9488695146815
0.1,30,0.3,"TC",21.832619794548
0.3,30,0.3,"TC",24.474089617747
0.1,90,0.3,"TC",20.7160635964851
0.3,90,0.3,"TC",16.3054182520925
0.1,30,0.5,"TC",18.3825766379712
0.3,30,0.5,"TC",19.929553815292
0.1,90,0.5,"TC",20.6479295176074
0.3,90,0.5,"TC",20.8469099626067
0.1,30,0.3,"TC",18.9919398201438
0.3,30,0.3,"TC",19.9746254713311
0.1,90,0.3,"TC",19.2136490105352
0.3,90,0.3,"TC",15.2953897226643
0.1,30,0.5,"TC",22.2543861931919
0.3,30,0.5,"TC",22.4732147442985
0.1,90,0.5,"TC",16.0458833942995
0.3,90,0.5,"TC",18.5870693216782
0.1,30,0.3,"TC",21.2681788570295
0.3,30,0.3,"TC",21.4728775799691
0.1,90,0.3,"TC",15.9916230179643
0.3,90,0.3,"TC",19.2172325112846
0.1,30,0.5,"TC",17.7445082493577
0.3,30,0.5,"TC",16.2306013022769
0.1,90,0.5,"TC",14.8293022861233
0.3,90,0.5,"TC",14.4796377185658
0.1,30,0.3,"TC",14.5639236094126
0.3,30,0.3,"TC",16.3954644155825
0.1,90,0.3,"TC",17.8865860816034
0.3,90,0.3,"TC",16.6924064975401
0.1,30,0.5,"TC",16.079480379156
0.3,30,0.5,"TC",20.6600416459427
0.1,90,0.5,"TC",17.5406607693656
0.3,90,0.5,"TC",16.3014119333439
0.1,30,0.3,"TC",20.6489858761193
0.3,30,0.3,"TC",13.2421806140592
0.1,90,0.3,"TC",20.1230302125205
0.3,90,0.3,"TC",20.9221351327845
0.1,30,0.5,"TC",19.2869607705362
0.3,30,0.5,"TC",26.5953120457839
0.1,90,0.5,"TC",19.5387929624398
0.3,90,0.5,"TC",20.6299162693719
0.1,30,0.3,"TC",23.7256670924077
0.3,30,0.3,"TC",18.4629888795723
0.1,90,0.3,"TC",18.0274128001717
0.3,90,0.3,"TC",19.9582479364028
0.1,30,0.5,"TC",18.1579155945354
0.3,30,0.5,"TC",22.6909878988564
0.1,90,0.5,"TC",13.5893583905658
0.3,90,0.5,"TC",16.4380885257524
0.1,30,0.3,"TC",17.5095072476193
0.3,30,0.3,"TC",15.2140627746267
0.1,90,0.3,"TC",19.545859714222
0.3,90,0.3,"TC",18.7350978876944
0.1,30,0.5,"TC",19.875587986825
0.3,30,0.5,"TC",16.100744233181
0.1,90,0.5,"TC",12.638950481569
0.3,90,0.5,"TC",15.9454132268995
0.1,30,0.3,"TC",19.4840787731574
0.3,30,0.3,"TC",17.6678267152684
0.1,90,0.3,"TC",20.7366844888813
0.3,90,0.3,"TC",17.9111640273397
0.1,30,0.5,"TC",25.0365867224047
0.3,30,0.5,"TC",24.3560455839284
0.1,90,0.5,"TC",18.423469617759
0.3,90,0.5,"TC",13.7186793323404
0.1,30,0.3,"TC",19.8327366253815
0.3,30,0.3,"TC",18.6921804530566
0.1,90,0.3,"TC",19.733530533468
0.3,90,0.3,"TC",17.4200125321846
0.1,30,0.5,"TC",29.0570063039275
0.3,30,0.5,"TC",20.8403073767009
0.1,90,0.5,"TC",19.1969006515084
0.3,90,0.5,"TC",19.8620658961146
0.1,30,0.3,"TC",21.1717081326835
0.3,30,0.3,"TC",17.2747563107286
0.1,90,0.3,"TC",20.6153948958808
0.3,90,0.3,"TC",19.373220414096
0.1,30,0.5,"TC",15.8545733519165
0.3,30,0.5,"TC",22.7765020502342
0.1,90,0.5,"TC",19.6471851416
0.3,90,0.5,"TC",16.8472219197867
0.1,30,0.3,"TC",25.0523694626039
0.3,30,0.3,"TC",21.7025396591518
0.1,90,0.3,"TC",18.8732530020962
0.3,90,0.3,"TC",23.6535199689115
0.1,30,0.5,"TC",19.6290369309761
0.3,30,0.5,"TC",24.1090286612257
0.1,90,0.5,"TC",15.4382748927267
0.3,90,0.5,"TC",15.0654522588345
0.1,30,0.3,"TC",18.9091446874891
0.3,30,0.3,"TC",15.4229608008132
0.1,90,0.3,"TC",18.4651348645787
0.3,90,0.3,"TC",22.3024817932885
0.1,30,0.5,"TC",23.1048787491171
0.3,30,0.5,"TC",21.7424046534357
0.1,90,0.5,"TC",13.7442115034728
0.3,90,0.5,"TC",19.2704355207488
0.1,30,0.3,"TC",25.508848905694
0.3,30,0.3,"TC",21.0711314057365
0.1,90,0.3,"TC",17.6396148153824
0.3,90,0.3,"TC",21.949964346975
0.1,30,0.5,"TC",19.3104834950531
0.3,30,0.5,"TC",25.2786684985683
0.1,90,0.5,"TC",15.5059207635767
0.3,90,0.5,"TC",16.4097314469865
0.1,30,0.3,"TC",22.3892455756804
0.3,30,0.3,"TC",20.8072901776255
0.1,90,0.3,"TC",18.2871241097649
0.3,90,0.3,"TC",20.2068751168823
0.1,30,0.5,"TC",20.9665962697309
0.3,30,0.5,"TC",21.398606874321
0.1,90,0.5,"TC",10.6753242104228
0.3,90,0.5,"TC",12.2487166386831
0.1,30,0.3,"TC",26.039605809644
0.3,30,0.3,"TC",24.6945102310905
0.1,90,0.3,"TC",21.3812534597075
0.3,90,0.3,"TC",19.7926368093895
0.1,30,0.5,"TC",16.090707797395
0.3,30,0.5,"TC",19.8065815093491
0.1,90,0.5,"TC",18.9574560037679
0.3,90,0.5,"TC",17.5318522877643
0.1,30,0.3,"TC",22.5917068793239
0.3,30,0.3,"TC",18.5799672497815
0.1,90,0.3,"TC",14.3975724959361
0.3,90,0.3,"TC",19.0412069808372
0.1,30,0.5,"TC",15.8693648442098
0.3,30,0.5,"TC",15.843046385508
0.1,90,0.5,"TC",17.2317394835837
0.3,90,0.5,"TC",17.1878769313778
0.1,30,0.3,"TC",20.3345816123305
0.3,30,0.3,"TC",19.96041390139
0.1,90,0.3,"TC",22.8061744181963
0.3,90,0.3,"TC",23.671232248985
0.1,30,0.5,"TC",16.8658676139459
0.3,30,0.5,"TC",20.9616099412504
0.1,90,0.5,"TC",12.7008216415366
0.3,90,0.5,"TC",12.4080840421032
0.1,30,0.3,"TC",22.8301543008428
0.3,30,0.3,"TC",19.5677789830892
0.1,90,0.3,"TC",19.3512865444029
0.3,90,0.3,"TC",21.480219983711
0.1,30,0.5,"TC",25.2713517877678
0.3,30,0.5,"TC",20.1535116797485
0.1,90,0.5,"TC",18.9071410316217
0.3,90,0.5,"TC",18.2050220943963
0.1,30,0.3,"TC",18.3748229816808
0.3,30,0.3,"TC",18.3120846848817
0.1,90,0.3,"TC",17.4360349295785
0.3,90,0.3,"TC",20.3705488037525
0.1,30,0.5,"TC",16.441449051148
0.3,30,0.5,"TC",22.1896698665553
0.1,90,0.5,"TC",13.5886960328788
0.3,90,0.5,"TC",16.7859324623675
0.1,30,0.3,"TC",23.7344539986283
0.3,30,0.3,"TC",20.6326349820015
0.1,90,0.3,"TC",23.9029202609422
0.3,90,0.3,"TC",16.1283463346749
0.1,30,0.5,"TC",25.0701772349651
0.3,30,0.5,"TC",15.323339474665
0.1,90,0.5,"TC",22.5062836662399
0.3,90,0.5,"TC",16.3699629037415
0.1,30,0.3,"TC",21.8474749558643
0.3,30,0.3,"TC",20.1994113053691
0.1,90,0.3,"TC",21.1973073136245
0.3,90,0.3,"TC",20.9300833229488
0.1,30,0.5,"TC",19.5949334882805
0.3,30,0.5,"TC",18.2234007746207
0.1,90,0.5,"TC",15.8458455278516
0.3,90,0.5,"TC",21.84647277636
0.1,30,0.3,"TC",17.3497217415242
0.3,30,0.3,"TC",14.4550122957755
0.1,90,0.3,"TC",13.9037580353972
0.3,90,0.3,"TC",20.4271694609956
0.1,30,0.5,"TC",18.6057119787603
0.3,30,0.5,"TC",25.5881881744914
0.1,90,0.5,"TC",15.4483371868266
0.3,90,0.5,"TC",15.6437229295742
0.1,30,0.3,"TC",23.0409936668874
0.3,30,0.3,"TC",18.7596385506652
0.1,90,0.3,"TC",15.838914198318
0.3,90,0.3,"TC",22.5067233032327
0.1,30,0.5,"TC",19.5103003673832
0.3,30,0.5,"TC",20.0915485995858
0.1,90,0.5,"TC",19.832758343951
0.3,90,0.5,"TC",20.3665913458256
0.1,30,0.3,"TC",25.6995046177917
0.3,30,0.3,"TC",18.3818023253526
0.1,90,0.3,"TC",22.6159932702486
0.3,90,0.3,"TC",22.4576925847272
0.1,30,0.5,"TC",19.5677519176999
0.3,30,0.5,"TC",17.2388791471945
0.1,90,0.5,"TC",13.9420535811233
0.3,90,0.5,"TC",15.7217075512253
0.1,30,0.3,"TC",14.8518490523851
0.3,30,0.3,"TC",20.5037275226023
0.1,90,0.3,"TC",17.8452338288921
0.3,90,0.3,"TC",21.0484913161087
0.1,30,0.5,"TC",18.3120951920199
0.3,30,0.5,"TC",19.7227099280928
0.1,90,0.5,"TC",12.6387273238359
0.3,90,0.5,"TC",21.3624076214368
0.1,30,0.3,"TC",19.4428523847783
0.3,30,0.3,"TC",23.392341247141
0.1,90,0.3,"TC",26.0406988654858
0.3,90,0.3,"TC",18.7977932957173
0.1,30,0.5,"TC",23.3793938664804
0.3,30,0.5,"TC",23.5710090066826
0.1,90,0.5,"TC",11.1787915349878
0.3,90,0.5,"TC",12.2638729036644
0.1,30,0.3,"TC",18.8867595159039
0.3,30,0.3,"TC",18.3641549275621
0.1,90,0.3,"TC",16.9824571030497
0.3,90,0.3,"TC",17.5771711359008
0.1,30,0.5,"TC",23.16469969513
0.3,30,0.5,"TC",23.3046343500046
0.1,90,0.5,"TC",17.0007600577735
0.3,90,0.5,"TC",18.148237271804
0.1,30,0.3,"TC",21.0338626023514
0.3,30,0.3,"TC",18.7153008330742
0.1,90,0.3,"TC",20.0592779251731
0.3,90,0.3,"TC",19.5692217007343
0.1,30,0.5,"TC",19.5712210996743
0.3,30,0.5,"TC",22.9934568142792
0.1,90,0.5,"TC",14.0738522540812
0.3,90,0.5,"TC",12.6674367549476
0.1,30,0.3,"TC",19.0048396312366
0.3,30,0.3,"TC",18.7222811224883
0.1,90,0.3,"TC",19.970230935314
0.3,90,0.3,"TC",22.0080317009018
0.1,30,0.5,"TC",18.3188102738917
0.3,30,0.5,"TC",15.2804512005701
0.1,90,0.5,"TC",15.1020293655004
0.3,90,0.5,"TC",16.1547258106155
0.1,30,0.3,"TC",22.4993903285975
0.3,30,0.3,"TC",26.8761599133558
0.1,90,0.3,"TC",17.4554919339461
0.3,90,0.3,"TC",16.6949594706794
0.1,30,0.5,"TC",20.2387018425362
0.3,30,0.5,"TC",23.2719551470813
0.1,90,0.5,"TC",21.2760623730761
0.3,90,0.5,"TC",15.6335588472538
0.1,30,0.3,"TC",18.7241985722447
0.3,30,0.3,"TC",17.487107662954
0.1,90,0.3,"TC",18.0220061802644
0.3,90,0.3,"TC",19.0321108431881
0.1,30,0.5,"TC",13.4284678509751
0.3,30,0.5,"TC",20.8337095934318
0.1,90,0.5,"TC",14.0282965367999
0.3,90,0.5,"TC",16.1810619778471
0.1,30,0.3,"TC",21.872427946128
0.3,30,0.3,"TC",17.9082903669521
0.1,90,0.3,"TC",18.0459767870597
0.3,90,0.3,"TC",17.767525891502
0.1,30,0.5,"TC",17.3700778709307
0.3,30,0.5,"TC",17.3599821030068
0.1,90,0.5,"TC",11.7900236929075
0.3,90,0.5,"TC",16.658406942645
0.1,30,0.3,"TC",20.5096158790261
0.3,30,0.3,"TC",22.5980056548883
0.1,90,0.3,"TC",17.8107625736546
0.3,90,0.3,"TC",14.8535460123155
0.1,30,0.5,"TC",25.0353150347247
0.3,30,0.5,"TC",22.7513665507416
0.1,90,0.5,"TC",15.4484310844395
0.3,90,0.5,"TC",24.7856602914924
0.1,30,0.3,"TC",16.7577562804281
0.3,30,0.3,"TC",19.1263370023786
0.1,90,0.3,"TC",19.703728126358
0.3,90,0.3,"TC",18.6422445716341
0.1,30,0.5,"TC",19.3045953986852
0.3,30,0.5,"TC",25.2979119236094
0.1,90,0.5,"TC",18.2048761242595
0.3,90,0.5,"TC",18.8253834954106
0.1,30,0.3,"TC",16.3092859993753
0.3,30,0.3,"TC",20.0950995917438
0.1,90,0.3,"TC",19.3864171081099
0.3,90,0.3,"TC",24.7219171447704
0.1,30,0.5,"TC",23.2736805420901
0.3,30,0.5,"TC",14.4550679255519
0.1,90,0.5,"TC",16.6273175881987
0.3,90,0.5,"TC",15.5634761102558
0.1,30,0.3,"TC",17.7434676023548
0.3,30,0.3,"TC",20.369455308227
0.1,90,0.3,"TC",23.707074195137
0.3,90,0.3,"TC",13.4343874357149
0.1,30,0.5,"TC",20.5601281765497
0.3,30,0.5,"TC",22.1669598228617
0.1,90,0.5,"TC",15.8302484777461
0.3,90,0.5,"TC",10.4448857964555
0.1,30,0.3,"TC",26.06633285203
0.3,30,0.3,"TC",23.8291061320263
0.1,90,0.3,"TC",16.7143446059474
0.3,90,0.3,"TC",22.8368866165594
0.1,30,0.5,"TC",18.3253111543367
0.3,30,0.5,"TC",18.9316350271512
0.1,90,0.5,"TC",15.8566634677326
0.3,90,0.5,"TC",13.6900313879443
0.1,30,0.3,"TC",22.3297517050802
0.3,30,0.3,"TC",19.5957032852175
0.1,90,0.3,"TC",19.8671282428932
0.3,90,0.3,"TC",21.8673543595452
0.1,30,0.5,"TC",17.2940561711421
0.3,30,0.5,"TC",20.6027579768176
0.1,90,0.5,"TC",17.5482792524697
0.3,90,0.5,"TC",16.7018504047708
0.1,30,0.3,"TC",17.1950742446005
0.3,30,0.3,"TC",21.5891418034243
0.1,90,0.3,"TC",14.7856637516719
0.3,90,0.3,"TC",20.4377099423606
0.1,30,0.5,"TC",17.3775410704487
0.3,30,0.5,"TC",20.5474936668855
0.1,90,0.5,"TC",19.802524889143
0.3,90,0.5,"TC",16.1056477483023
0.1,30,0.3,"TC",20.1810906877765
0.3,30,0.3,"TC",16.5533845109121
0.1,90,0.3,"TC",13.669791995263
0.3,90,0.3,"TC",17.6655601997839
0.1,30,0.5,"TC",23.3402389548304
0.3,30,0.5,"TC",16.7911678529959
0.1,90,0.5,"TC",15.3155537542979
0.3,90,0.5,"TC",17.0088406622521
0.1,30,0.3,"TC",18.806892553276
0.3,30,0.3,"TC",20.6063483419261
0.1,90,0.3,"TC",23.6413305812523
0.3,90,0.3,"TC",23.9852733304455
0.1,30,0.5,"TC",21.0757386848956
0.3,30,0.5,"TC",17.0809998710641
0.1,90,0.5,"TC",20.3574664081566
0.3,90,0.5,"TC",16.6689857274779
0.1,30,0.3,"TC",27.0209044269141
0.3,30,0.3,"TC",17.1475709888067
0.1,90,0.3,"TC",21.0268408320945
0.3,90,0.3,"TC",20.0273332318079
0.1,30,0.5,"TC",19.1848191221614
0.3,30,0.5,"TC",24.3000862826642
0.1,90,0.5,"TC",15.3342380220994
0.3,90,0.5,"TC",17.8061288160633
0.1,30,0.3,"TC",26.4293441976238
0.3,30,0.3,"TC",20.6923814078468
0.1,90,0.3,"TC",16.1448025421807
0.3,90,0.3,"TC",18.2998476045398
0.1,30,0.5,"TC",19.8575402292054
0.3,30,0.5,"TC",22.8998618180724
0.1,90,0.5,"TC",22.8721833668631
0.3,90,0.5,"TC",13.5359088557363
0.1,30,0.3,"TC",18.5044847104629
0.3,30,0.3,"TC",21.5069176201638
0.1,90,0.3,"TC",22.0073216294378
0.3,90,0.3,"TC",18.9955593164184
0.1,30,0.5,"TC",20.7072925793717
0.3,30,0.5,"TC",19.3435925608908
0.1,90,0.5,"TC",15.5537706377025
0.3,90,0.5,"TC",16.3779086506193
0.1,30,0.3,"TC",20.4185395045822
0.3,30,0.3,"TC",18.1513644075017
0.1,90,0.3,"TC",18.7245829349713
0.3,90,0.3,"TC",22.052098343314
0.1,30,0.5,"TC",19.4214034855172
0.3,30,0.5,"TC",14.5033344942341
0.1,90,0.5,"TC",11.9738641146665
0.3,90,0.5,"TC",18.5177589796789
0.1,30,0.3,"TC",20.0712668045237
0.3,30,0.3,"TC",12.0803306526327
0.1,90,0.3,"TC",17.2289235529362
0.3,90,0.3,"TC",21.0581968939183
0.1,30,0.5,"TC",20.0468414668957
0.3,30,0.5,"TC",22.1225615746148
0.1,90,0.5,"TC",14.6026568140947
0.3,90,0.5,"TC",16.5692208399085
0.1,30,0.3,"TC",19.627339498483
0.3,30,0.3,"TC",22.3407382859175
0.1,90,0.3,"TC",25.5024787104535
0.3,90,0.3,"TC",18.4539714837063
0.1,30,0.5,"TC",18.2244262352616
0.3,30,0.5,"TC",17.7595737712483
0.1,90,0.5,"TC",21.1701580902946
0.3,90,0.5,"TC",15.2966574323988
0.1,30,0.3,"TC",18.8552491618919
0.3,30,0.3,"TC",21.4232597266175
0.1,90,0.3,"TC",20.1293499856546
0.3,90,0.3,"TC",17.3309541801573
0.1,30,0.5,"TC",20.4425749742332
0.3,30,0.5,"TC",22.4266272900545
0.1,90,0.5,"TC",14.1469139975407
0.3,90,0.5,"TC",20.985283679298
0.1,30,0.3,"TC",21.8617934472089
0.3,30,0.3,"TC",17.6366595813532
0.1,90,0.3,"TC",17.814041314787
0.3,90,0.3,"TC",19.1174935125132
0.1,30,0.5,"TC",17.7161597031719
0.3,30,0.5,"TC",21.8613486084855
0.1,90,0.5,"TC",15.679137844113
0.3,90,0.5,"TC",16.4573617314256
0.1,30,0.3,"TC",22.2705153849497
0.3,30,0.3,"TC",18.0840043425846
0.1,90,0.3,"TC",19.1585382229636
0.3,90,0.3,"TC",22.7113130021033
0.1,30,0.5,"TC",22.1613107650943
0.3,30,0.5,"TC",19.4625228882953
0.1,90,0.5,"TC",17.8842462758352
0.3,90,0.5,"TC",9.91548587145771
0.1,30,0.3,"TC",21.9089398839015
0.3,30,0.3,"TC",20.0348649144927
0.1,90,0.3,"TC",18.3827597735251
0.3,90,0.3,"TC",23.5721355403181
0.1,30,0.5,"TC",21.8338881976892
0.3,30,0.5,"TC",20.1147425865098
0.1,90,0.5,"TC",17.8878897500791
0.3,90,0.5,"TC",23.1115282885089
0.1,30,0.3,"TC",22.6170819883818
0.3,30,0.3,"TC",16.9014172919909
0.1,90,0.3,"TC",16.8467241798247
0.3,90,0.3,"TC",19.074047246122
0.1,30,0.5,"TC",22.5763897639175
0.3,30,0.5,"TC",22.5672683824842
0.1,90,0.5,"TC",20.2191618392531
0.3,90,0.5,"TC",16.7260657172979
0.1,30,0.3,"TC",21.6197628207597
0.3,30,0.3,"TC",18.4726008866223
0.1,90,0.3,"TC",20.7342517982278
0.3,90,0.3,"TC",22.1622233540741
0.1,30,0.5,"TC",22.2191120962517
0.3,30,0.5,"TC",17.3876562740086
0.1,90,0.5,"TC",12.0787458610152
0.3,90,0.5,"TC",16.3224358257024
0.1,30,0.3,"TC",15.3721300424272
0.3,30,0.3,"TC",21.0440893942325
0.1,90,0.3,"TC",22.4250230042595
0.3,90,0.3,"TC",16.183130407416
0.1,30,0.5,"TC",21.8759743735115
0.3,30,0.5,"TC",21.8986219332047
0.1,90,0.5,"TC",12.1923999529314
0.3,90,0.5,"TC",15.1107109025917
0.1,30,0.3,"TC",19.1888573005323
0.3,30,0.3,"TC",22.7373519276167
0.1,90,0.3,"TC",16.0141789751043
0.3,90,0.3,"TC",18.9039081621224
0.1,30,0.5,"TC",17.6229939344545
0.3,30,0.5,"TC",20.2663043654128
0.1,90,0.5,"TC",14.3720032651618
0.3,90,0.5,"TC",19.5492412542463
0.1,30,0.3,"TC",21.2721423969779
0.3,30,0.3,"TC",19.3020450616002
0.1,90,0.3,"TC",18.6983648799441
0.3,90,0.3,"TC",18.0558087280902
0.1,30,0.5,"TC",17.1119827405384
0.3,30,0.5,"TC",17.9100541682473
0.1,90,0.5,"TC",13.3346285404916
0.3,90,0.5,"TC",20.1490053782227
0.1,30,0.3,"TC",21.9939348768333
0.3,30,0.3,"TC",17.8260239105198
0.1,90,0.3,"TC",22.1306615211328
0.3,90,0.3,"TC",25.4681268453829
0.1,30,0.5,"TC",19.9958782504685
0.3,30,0.5,"TC",17.3011697823463
0.1,90,0.5,"TC",17.1792347459944
0.3,90,0.5,"TC",17.2433629852997
0.1,30,0.3,"TC",21.6762197602166
0.3,30,0.3,"TC",23.6703745566974
0.1,90,0.3,"TC",19.2028988295095
0.3,90,0.3,"TC",22.752004974976
0.1,30,0.5,"TC",19.9128385635265
0.3,30,0.5,"TC",23.2523162077166
0.1,90,0.5,"TC",15.590024883938
0.3,90,0.5,"TC",14.1866060039135
0.1,30,0.3,"TC",23.0788153860646
0.3,30,0.3,"TC",25.5401029096712
0.1,90,0.3,"TC",19.9346884842871
0.3,90,0.3,"TC",26.3172318597962
0.1,30,0.5,"TC",20.4192199959504
0.3,30,0.5,"TC",22.345658124041
0.1,90,0.5,"TC",14.2291832218445
0.3,90,0.5,"TC",19.3679682880542
0.1,30,0.3,"TC",21.0830248260308
0.3,30,0.3,"TC",21.399622389061
0.1,90,0.3,"TC",16.2499367071686
0.3,90,0.3,"TC",14.8334623065871
0.1,30,0.5,"TC",17.1684300196297
0.3,30,0.5,"TC",22.2536105198434
0.1,90,0.5,"TC",13.5832255818484
0.3,90,0.5,"TC",16.6488922100544
0.1,30,0.3,"TC",18.8472904257557
0.3,30,0.3,"TC",24.2825124912388
0.1,90,0.3,"TC",22.9045830198433
0.3,90,0.3,"TC",23.7341147214084
0.1,30,0.5,"TC",24.179048391316
0.3,30,0.5,"TC",20.0397905417116
0.1,90,0.5,"TC",12.7522123689355
0.3,90,0.5,"TC",14.9706671751383
0.1,30,0.3,"TC",23.4916614918195
0.3,30,0.3,"TC",22.5252492393741
0.1,90,0.3,"TC",17.7940541094302
0.3,90,0.3,"TC",21.2324045867315
0.1,30,0.5,"TC",21.037695625457
0.3,30,0.5,"TC",15.7862816931709
0.1,90,0.5,"TC",18.5986024897614
0.3,90,0.5,"TC",16.0568434090225
0.1,30,0.3,"TC",21.0565836466292
0.3,30,0.3,"TC",20.6499092197962
0.1,90,0.3,"TC",18.0800216283917
0.3,90,0.3,"TC",20.9252330951457
0.1,30,0.5,"TC",24.3044500613337
0.3,30,0.5,"TC",19.3633153090891
0.1,90,0.5,"TC",19.0845351380659
0.3,90,0.5,"TC",13.7297245450034
0.1,30,0.3,"TC",19.525814386753
0.3,30,0.3,"TC",22.4586260481519
0.1,90,0.3,"TC",23.8120211516767
0.3,90,0.3,"TC",18.9266227911817
0.1,30,0.5,"TC",17.5086342901295
0.3,30,0.5,"TC",20.7255789842678
0.1,90,0.5,"TC",17.7459726330354
0.3,90,0.5,"TC",14.826946477908
0.1,30,0.3,"TC",24.0624247646818
0.3,30,0.3,"TC",17.4780604234481
0.1,90,0.3,"TC",19.0707509513924
0.3,90,0.3,"TC",24.8765726487297
0.1,30,0.5,"TC",16.7525630344691
0.3,30,0.5,"TC",23.4982028832953
0.1,90,0.5,"TC",18.0821339560767
0.3,90,0.5,"TC",21.7521024384254
0.1,30,0.3,"TC",19.8007168721546
0.3,30,0.3,"TC",23.376745958313
0.1,90,0.3,"TC",13.780928264825
0.3,90,0.3,"TC",22.4505016267773
0.1,30,0.5,"TC",18.7517143586009
0.3,30,0.5,"TC",22.055484690876
0.1,90,0.5,"TC",16.5666896843124
0.3,90,0.5,"TC",14.4998513344388
0.1,30,0.3,"TC",19.2665335877533
0.3,30,0.3,"TC",17.7098597590107
0.1,90,0.3,"TC",20.0597300447869
0.3,90,0.3,"TC",23.7762102052599
0.1,30,0.5,"TC",24.0985543076625
0.3,30,0.5,"TC",20.3709509861033
0.1,90,0.5,"TC",19.7524666552005
0.3,90,0.5,"TC",15.1975470501871
0.1,30,0.3,"TC",22.1497088696623
0.3,30,0.3,"TC",20.7009953069053
0.1,90,0.3,"TC",19.8998700210499
0.3,90,0.3,"TC",24.2076951146094
0.1,30,0.5,"TC",20.784638410557
0.3,30,0.5,"TC",21.4366283740498
0.1,90,0.5,"TC",15.1724805185142
0.3,90,0.5,"TC",15.3681964782448
0.1,30,0.3,"TC",19.5679529819496
0.3,30,0.3,"TC",16.2264181058759
0.1,90,0.3,"TC",21.3461341531122
0.3,90,0.3,"TC",17.6274622127023
0.1,30,0.5,"TC",22.8236635613148
0.3,30,0.5,"TC",19.3903928459237
0.1,90,0.5,"TC",18.4384749080567
0.3,90,0.5,"TC",12.455244947367
0.1,30,0.3,"TC",17.3507800182071
0.3,30,0.3,"TC",15.6201758034473
0.1,90,0.3,"TC",15.1422499965228
0.3,90,0.3,"TC",19.4628336703863
0.1,30,0.5,"TC",18.7666596300454
0.3,30,0.5,"TC",26.2950311153965
0.1,90,0.5,"TC",19.1483687134617
0.3,90,0.5,"TC",11.7975731467527
0.1,30,0.3,"TC",19.2398612257948
0.3,30,0.3,"TC",18.7093027669007
0.1,90,0.3,"TC",21.5758256778897
0.3,90,0.3,"TC",18.8268845077664
0.1,30,0.5,"TC",18.094164557123
0.3,30,0.5,"TC",17.4079442087607
0.1,90,0.5,"TC",14.621670559699
0.3,90,0.5,"TC",16.6802771477738
0.1,30,0.3,"TC",22.4198969749404
0.3,30,0.3,"TC",20.9057067226038
0.1,90,0.3,"TC",24.65995484755
0.3,90,0.3,"TC",19.0655743115617
0.1,30,0.5,"TC",19.5313506843615
0.3,30,0.5,"TC",17.7598052167953
0.1,90,0.5,"TC",10.2114282763609
0.3,90,0.5,"TC",21.7892617459334
0.1,30,0.3,"TC",18.9096308671769
0.3,30,0.3,"TC",23.3430223186604
0.1,90,0.3,"TC",21.3479070522486
0.3,90,0.3,"TC",19.0161246293418
0.1,30,0.5,"TC",21.2887491441006
0.3,30,0.5,"TC",21.9382810364188
0.1,90,0.5,"TC",23.0916483690225
0.3,90,0.5,"TC",16.4779774051649
0.1,30,0.3,"TC",22.980447907061
0.3,30,0.3,"TC",19.8822474979589
0.1,90,0.3,"TC",24.3595641859406
0.3,90,0.3,"TC",23.029821868217
0.1,30,0.5,"TC",16.892879016088
0.3,30,0.5,"TC",18.8262430010555
0.1,90,0.5,"TC",17.1537847504275
0.3,90,0.5,"TC",17.266590391345
0.1,30,0.3,"TC",19.3996024511917
0.3,30,0.3,"TC",18.9905258013366
0.1,90,0.3,"TC",23.3043820135264
0.3,90,0.3,"TC",18.703947031821
0.1,30,0.5,"TC",18.5965601669701
0.3,30,0.5,"TC",16.1880329321975
0.1,90,0.5,"TC",13.9113599184418
0.3,90,0.5,"TC",15.5828549176464
0.1,30,0.3,"TC",23.6574741185921
0.3,30,0.3,"TC",21.3535134643787
0.1,90,0.3,"TC",20.1419613177203
0.3,90,0.3,"TC",18.4377890862781
0.1,30,0.5,"TC",21.0951252493604
0.3,30,0.5,"TC",19.960692810755
0.1,90,0.5,"TC",14.5404016886811
0.3,90,0.5,"TC",20.0602257699906
0.1,30,0.3,"TC",22.6571775163511
0.3,30,0.3,"TC",23.0609057759276
0.1,90,0.3,"TC",25.0026924736264
0.3,90,0.3,"TC",16.9785334204746
0.1,30,0.5,"TC",20.4631233384911
0.3,30,0.5,"TC",21.6127511154306
0.1,90,0.5,"TC",19.7264976779673
0.3,90,0.5,"TC",16.2630486552607
0.1,30,0.3,"TC",19.0246915677343
0.3,30,0.3,"TC",19.8284911957453
0.1,90,0.3,"TC",18.13888248154
0.3,90,0.3,"TC",18.2363960249586
0.1,30,0.5,"TC",23.8635325238714
0.3,30,0.5,"TC",17.8918067633847
0.1,90,0.5,"TC",12.4134635939815
0.3,90,0.5,"TC",18.7653246382808
0.1,30,0.3,"TC",18.4126225973077
0.3,30,0.3,"TC",21.0207540205007
0.1,90,0.3,"TC",20.8185864181964
0.3,90,0.3,"TC",22.3566293219034
0.1,30,0.5,"TC",21.8064343968935
0.3,30,0.5,"TC",14.3896981845764
0.1,90,0.5,"TC",16.7252497227717
0.3,90,0.5,"TC",17.9261525441245
0.1,30,0.3,"TC",19.7752625725561
0.3,30,0.3,"TC",20.7450018909928
0.1,90,0.3,"TC",20.7605301432316
0.3,90,0.3,"TC",17.2188535878251
0.1,30,0.5,"TC",25.2831652121643
0.3,30,0.5,"TC",23.9010253270869
0.1,90,0.5,"TC",21.8761776845843
0.3,90,0.5,"TC",16.9283790386026
0.1,30,0.3,"TC",20.3635311834037
0.3,30,0.3,"TC",16.9480659967779
0.1,90,0.3,"TC",20.0091756818168
0.3,90,0.3,"TC",18.4258817583707
0.1,30,0.5,"TC",17.6822886036744
0.3,30,0.5,"TC",25.8367417069453
0.1,90,0.5,"TC",18.0698255904993
0.3,90,0.5,"TC",15.2920248523385
0.1,30,0.3,"TC",20.2185135836284
0.3,30,0.3,"TC",24.5062964092806
0.1,90,0.3,"TC",19.6054307031228
0.3,90,0.3,"TC",22.8243549460704
0.1,30,0.5,"TC",18.6899718899169
0.3,30,0.5,"TC",17.7891333789119
0.1,90,0.5,"TC",19.457569740225
0.3,90,0.5,"TC",13.008514407943
0.1,30,0.3,"TC",19.7521300144169
0.3,30,0.3,"TC",17.8209501061649
0.1,90,0.3,"TC",15.7835391276226
0.3,90,0.3,"TC",21.0449222465522
0.1,30,0.5,"TC",20.850197901285
0.3,30,0.5,"TC",20.0356200905597
0.1,90,0.5,"TC",14.1326492789772
0.3,90,0.5,"TC",17.9422549176609
0.1,30,0.3,"TC",16.9323601261435
0.3,30,0.3,"TC",18.1320986058694
0.1,90,0.3,"TC",23.9928950914824
0.3,90,0.3,"TC",17.4193011047364
0.1,30,0.5,"TC",22.7729281477539
0.3,30,0.5,"TC",22.5311249420144
0.1,90,0.5,"TC",18.0222736873426
0.3,90,0.5,"TC",17.3625397553295
0.1,30,0.3,"TC",23.2972387404555
0.3,30,0.3,"TC",21.7679640202621
0.1,90,0.3,"TC",25.9365261120644
0.3,90,0.3,"TC",14.9542934609329
0.1,30,0.5,"TC",18.0047689830666
0.3,30,0.5,"TC",16.6333644475169
0.1,90,0.5,"TC",21.9315952462289
0.3,90,0.5,"TC",21.6179707693959
0.1,30,0.3,"TC",12.9297556175249
0.3,30,0.3,"TC",18.9151926118632
0.1,90,0.3,"TC",20.2811099837088
0.3,90,0.3,"TC",24.2044175887027
0.1,30,0.5,"TC",24.0511665404396
0.3,30,0.5,"TC",21.5255345180185
0.1,90,0.5,"TC",15.7777808511071
0.3,90,0.5,"TC",15.3370586620113
0.1,30,0.3,"TC",19.4033263681005
0.3,30,0.3,"TC",17.4019349643764
0.1,90,0.3,"TC",14.1280538921795
0.3,90,0.3,"TC",23.1115735767865
0.1,30,0.5,"TC",19.1620443090031
0.3,30,0.5,"TC",23.0233329385188
0.1,90,0.5,"TC",9.89920218747348
0.3,90,0.5,"TC",18.8777078422956
0.1,30,0.3,"TC",14.4457052139938
0.3,30,0.3,"TC",18.5624460948856
0.1,90,0.3,"TC",23.7897908683223
0.3,90,0.3,"TC",16.4952567650581
0.1,30,0.5,"TC",20.1958088735344
0.3,30,0.5,"TC",14.9667584651831
0.1,90,0.5,"TC",16.7069714728326
0.3,90,0.5,"TC",10.1286900918457
0.1,30,0.3,"TC",18.6932433424359
0.3,30,0.3,"TC",20.4572067774297
0.1,90,0.3,"TC",18.6469011043811
0.3,90,0.3,"TC",14.7470592047819
0.1,30,0.5,"TC",23.5198992918025
0.3,30,0.5,"TC",19.5861000504277
0.1,90,0.5,"TC",15.0162485911022
0.3,90,0.5,"TC",19.2501745187086
0.1,30,0.3,"TC",17.7464937732681
0.3,30,0.3,"TC",21.1870595117056
0.1,90,0.3,"TC",18.5609746454012
0.3,90,0.3,"TC",24.1235184709912
0.1,30,0.5,"TC",17.3098662253431
0.3,30,0.5,"TC",19.5951321915935
0.1,90,0.5,"TC",18.2821785505151
0.3,90,0.5,"TC",12.2006655457959
0.1,30,0.3,"TC",19.9091607435051
0.3,30,0.3,"TC",18.0041625288799
0.1,90,0.3,"TC",20.2161370577201
0.3,90,0.3,"TC",20.480803793797
0.1,30,0.5,"TC",18.2084355845907
0.3,30,0.5,"TC",18.1965859592398
0.1,90,0.5,"TC",18.493979726788
0.3,90,0.5,"TC",13.7118559864618
0.1,30,0.3,"TC",26.61973030583
0.3,30,0.3,"TC",20.5471798412131
0.1,90,0.3,"TC",19.2615881054725
0.3,90,0.3,"TC",25.9338079751017
0.1,30,0.5,"TC",20.6785716724142
0.3,30,0.5,"TC",19.2526845800278
0.1,90,0.5,"TC",13.9592544223097
0.3,90,0.5,"TC",12.8441434994743
0.1,30,0.3,"TC",20.6118210336559
0.3,30,0.3,"TC",20.1796716198018
0.1,90,0.3,"TC",26.4327105185936
0.3,90,0.3,"TC",17.673997962353
0.1,30,0.5,"TC",21.4774072990105
0.3,30,0.5,"TC",19.2307188395095
0.1,90,0.5,"TC",12.2636419452001
0.3,90,0.5,"TC",16.6495602742882
0.1,30,0.3,"TC",22.9119284646374
0.3,30,0.3,"TC",22.8174323223292
0.1,90,0.3,"TC",19.6948996094067
0.3,90,0.3,"TC",21.7500891240876
0.1,30,0.5,"TC",14.811899628914
0.3,30,0.5,"TC",18.1505926871001
0.1,90,0.5,"TC",14.8676433326769
0.3,90,0.5,"TC",16.5876320375007
0.1,30,0.3,"TC",23.8103534465785
0.3,30,0.3,"TC",18.4640345874983
0.1,90,0.3,"TC",26.0550332365985
0.3,90,0.3,"TC",17.2857087169863
0.1,30,0.5,"TC",17.2804209388748
0.3,30,0.5,"TC",21.7324099037514
0.1,90,0.5,"TC",15.8326574900535
0.3,90,0.5,"TC",17.7599156657741
0.1,30,0.3,"TC",18.3369533495128
0.3,30,0.3,"TC",19.7541163735896
0.1,90,0.3,"TC",19.5856981707904
0.3,90,0.3,"TC",20.2957379690763
0.1,30,0.5,"TC",19.7901953016
0.3,30,0.5,"TC",22.1315650994379
0.1,90,0.5,"TC",12.1889358724436
0.3,90,0.5,"TC",19.2013302539705
0.1,30,0.3,"TC",22.735366637256
0.3,30,0.3,"TC",17.035392339985
0.1,90,0.3,"TC",18.6007047170237
0.3,90,0.3,"TC",18.5572702817433
0.1,30,0.5,"TC",21.486571936694
0.3,30,0.5,"TC",15.5137061918123
0.1,90,0.5,"TC",18.7952410869174
0.3,90,0.5,"TC",18.0815905029308
0.1,30,0.3,"TC",19.8940774420991
0.3,30,0.3,"TC",22.6776814926266
0.1,90,0.3,"TC",20.5271215952493
0.3,90,0.3,"TC",19.731701327704
0.1,30,0.5,"TC",22.9820227073685
0.3,30,0.5,"TC",23.5880901718455
0.1,90,0.5,"TC",15.8897121001249
0.3,90,0.5,"TC",16.8843199491577
0.1,30,0.3,"TC",21.4628936481901
0.3,30,0.3,"TC",25.7085241667182
0.1,90,0.3,"TC",22.5874183907015
0.3,90,0.3,"TC",22.2280043198973
0.1,30,0.5,"TC",21.0326544575689
0.3,30,0.5,"TC",20.7604996165153
0.1,90,0.5,"TC",14.9896398627736
0.3,90,0.5,"TC",15.4611465482855
0.1,30,0.3,"TC",23.9964944119338
0.3,30,0.3,"TC",18.2683382223124
0.1,90,0.3,"TC",21.4790488070501
0.3,90,0.3,"TC",14.353930098576
0.1,30,0.5,"TC",18.9460411164342
0.3,30,0.5,"TC",18.2031223338335
0.1,90,0.5,"TC",13.2567000594398
0.3,90,0.5,"TC",13.1922673211335
0.1,30,0.3,"TC",19.6168571019806
0.3,30,0.3,"TC",24.4310497618076
0.1,90,0.3,"TC",24.7138941440685
0.3,90,0.3,"TC",24.5574863357568
0.1,30,0.5,"TC",20.544226698968
0.3,30,0.5,"TC",21.8200909889829
0.1,90,0.5,"TC",20.3021722003559
0.3,90,0.5,"TC",8.91590626701495
0.1,30,0.3,"TC",20.8418618030405
0.3,30,0.3,"TC",24.3925837251109
0.1,90,0.3,"TC",16.5071202919103
0.3,90,0.3,"TC",21.409416001131
0.1,30,0.5,"TC",21.5851839190168
0.3,30,0.5,"TC",24.3134206308373
0.1,90,0.5,"TC",14.8560914715528
0.3,90,0.5,"TC",24.6972827963948
0.1,30,0.3,"TC",20.4371147949141
0.3,30,0.3,"TC",17.6745104022659
0.1,90,0.3,"TC",13.7970243299769
0.3,90,0.3,"TC",14.4085520133757
0.1,30,0.5,"TC",19.1155547746502
0.3,30,0.5,"TC",16.9577876369657
0.1,90,0.5,"TC",13.4269496453131
0.3,90,0.5,"TC",12.8478253958143
0.1,30,0.3,"TC",23.7853838012271
0.3,30,0.3,"TC",19.7810548067517
0.1,90,0.3,"TC",16.6043989935585
0.3,90,0.3,"TC",17.0789108682416
0.1,30,0.5,"TC",24.7569277920788
0.3,30,0.5,"TC",16.5359340017656
0.1,90,0.5,"TC",18.2159105034005
0.3,90,0.5,"TC",18.9417941857212
0.1,30,0.3,"TC",13.6154184915103
0.3,30,0.3,"TC",26.6619156174246
0.1,90,0.3,"TC",16.1802602380443
0.3,90,0.3,"TC",22.5214245659591
0.1,30,0.5,"TC",19.9590603521477
0.3,30,0.5,"TC",21.8705150044613
0.1,90,0.5,"TC",17.7190371787772
0.3,90,0.5,"TC",22.8282997213756
0.1,30,0.3,"TC",17.9600273494794
0.3,30,0.3,"TC",16.9667168779221
0.1,90,0.3,"TC",15.1086312033212
0.3,90,0.3,"TC",23.5717778866661
0.1,30,0.5,"TC",17.3880288294107
0.3,30,0.5,"TC",20.5559324794881
0.1,90,0.5,"TC",15.1371226546048
0.3,90,0.5,"TC",22.6926442380726
0.1,30,0.3,"TC",20.0234696703927
0.3,30,0.3,"TC",19.7352992329388
0.1,90,0.3,"TC",25.7848965920791
0.3,90,0.3,"TC",25.7234007251079
0.1,30,0.5,"TC",19.5414450422322
0.3,30,0.5,"TC",20.2713753326389
0.1,90,0.5,"TC",20.7403975446833
0.3,90,0.5,"TC",17.5702635584048
0.1,30,0.3,"TC",16.4727480809065
0.3,30,0.3,"TC",21.4624773666223
0.1,90,0.3,"TC",15.3597787694159
0.3,90,0.3,"TC",17.7293124864072
0.1,30,0.5,"TC",18.0041030655089
0.3,30,0.5,"TC",19.5544591171467
0.1,90,0.5,"TC",16.695197915221
0.3,90,0.5,"TC",16.4809662615984
0.1,30,0.3,"TC",16.3676393948741
0.3,30,0.3,"TC",21.3795973552941
0.1,90,0.3,"TC",16.3447963578417
0.3,90,0.3,"TC",13.4117938755112
0.1,30,0.5,"TC",20.1823856559919
0.3,30,0.5,"TC",19.331859125928
0.1,90,0.5,"TC",18.7858087500797
0.3,90,0.5,"TC",20.0326368648707
0.1,30,0.3,"TC",20.4039239983392
0.3,30,0.3,"TC",12.2139640502233
0.1,90,0.3,"TC",18.7242094426592
0.3,90,0.3,"TC",18.5859826998637
0.1,30,0.5,"TC",17.4232839911876
0.3,30,0.5,"TC",15.4349877672253
0.1,90,0.5,"TC",23.8306466748848
0.3,90,0.5,"TC",16.6521643567783
0.1,30,0.3,"TC",18.4961839135256
0.3,30,0.3,"TC",16.7238516951576
0.1,90,0.3,"TC",20.8640611817481
0.3,90,0.3,"TC",17.1087288928982
0.1,30,0.5,"TC",18.5442455910312
0.3,30,0.5,"TC",21.2432338726208
0.1,90,0.5,"TC",15.9578536051292
0.3,90,0.5,"TC",15.6529274676631
0.1,30,0.3,"TC",19.3384641578978
0.3,30,0.3,"TC",27.3883418963638
0.1,90,0.3,"TC",19.7600358755086
0.3,90,0.3,"TC",20.2453819514583
0.1,30,0.5,"TC",18.6761128385919
0.3,30,0.5,"TC",18.5521654086244
0.1,90,0.5,"TC",24.1233425825155
0.3,90,0.5,"TC",17.5277567215994
0.1,30,0.3,"TC",19.2301551444324
0.3,30,0.3,"TC",18.3534503400421
0.1,90,0.3,"TC",17.8123997517025
0.3,90,0.3,"TC",16.0292607582972
0.1,30,0.5,"TC",15.7946494654509
0.3,30,0.5,"TC",14.4822322140461
0.1,90,0.5,"TC",21.5912118275604
0.3,90,0.5,"TC",17.1545503746007
0.1,30,0.3,"TC",21.606482290378
0.3,30,0.3,"TC",15.8444323209689
0.1,90,0.3,"TC",21.6306604113573
0.3,90,0.3,"TC",18.6691027714858
0.1,30,0.5,"TC",22.1052649699247
0.3,30,0.5,"TC",17.9376724776067
0.1,90,0.5,"TC",18.0653979586081
0.3,90,0.5,"TC",17.4417512584484
0.1,30,0.3,"TC",24.8925692743189
0.3,30,0.3,"TC",23.0047101411416
0.1,90,0.3,"TC",19.1826013039037
0.3,90,0.3,"TC",19.8483332933635
0.1,30,0.5,"TC",21.2484272177498
0.3,30,0.5,"TC",22.9566436717166
0.1,90,0.5,"TC",15.6673290702507
0.3,90,0.5,"TC",17.5560617838187
0.1,30,0.3,"TC",19.2391499057422
0.3,30,0.3,"TC",22.7262672004668
0.1,90,0.3,"TC",13.7324604501833
0.3,90,0.3,"TC",20.7723604261622
0.1,30,0.5,"TC",19.8675812647849
0.3,30,0.5,"TC",15.279413504343
0.1,90,0.5,"TC",14.8963744902889
0.3,90,0.5,"TC",20.6166482773174
0.1,30,0.3,"TC",18.0710811869715
0.3,30,0.3,"TC",19.0429164162874
0.1,90,0.3,"TC",18.5318694286472
0.3,90,0.3,"TC",17.3015827162091
0.1,30,0.5,"TC",11.7225226553474
0.3,30,0.5,"TC",18.3743303662857
0.1,90,0.5,"TC",19.4452423849859
0.3,90,0.5,"TC",17.9625333303276
0.1,30,0.3,"TC",22.5819900444067
0.3,30,0.3,"TC",16.7731195880712
0.1,90,0.3,"TC",19.6309628003208
0.3,90,0.3,"TC",15.0743012220635
0.1,30,0.5,"TC",19.8863438577332
0.3,30,0.5,"TC",19.2714238471319
0.1,90,0.5,"TC",11.7554270523508
0.3,90,0.5,"TC",14.7253919352603
0.1,30,0.3,"TC",23.6422076358189
0.3,30,0.3,"TC",18.0483663640101
0.1,90,0.3,"TC",23.6114289473472
0.3,90,0.3,"TC",21.5980632812317
0.1,30,0.5,"TC",17.4067977050358
0.3,30,0.5,"TC",21.8521613566635
0.1,90,0.5,"TC",16.1297725174576
0.3,90,0.5,"TC",16.5569852902006
0.1,30,0.3,"TC",25.0706480716153
0.3,30,0.3,"TC",16.9036526968492
0.1,90,0.3,"TC",19.1567355306362
0.3,90,0.3,"TC",22.438024961911
0.1,30,0.5,"TC",22.835275753343
0.3,30,0.5,"TC",23.0617512032105
0.1,90,0.5,"TC",21.0099530362922
0.3,90,0.5,"TC",13.5307362138971
0.1,30,0.3,"TC",17.9924720216906
0.3,30,0.3,"TC",15.2431678816779
0.1,90,0.3,"TC",15.8787615474165
0.3,90,0.3,"TC",21.6907510081693
0.1,30,0.5,"TC",21.7169857014109
0.3,30,0.5,"TC",18.9027754908608
0.1,90,0.5,"TC",19.9547691353252
0.3,90,0.5,"TC",13.3657657459955
0.1,30,0.3,"TC",22.1019255120375
0.3,30,0.3,"TC",18.5881428486892
0.1,90,0.3,"TC",18.9782379906779
0.3,90,0.3,"TC",19.2599580078671
0.1,30,0.5,"TC",20.7379025737094
0.3,30,0.5,"TC",25.5382175405776
0.1,90,0.5,"TC",14.4548129082717
0.3,90,0.5,"TC",16.3108016441337
0.1,30,0.3,"TC",25.0593785987719
0.3,30,0.3,"TC",19.6894682959536
0.1,90,0.3,"TC",19.3608431369041
0.3,90,0.3,"TC",22.080503607131
0.1,30,0.5,"TC",21.5944833759774
0.3,30,0.5,"TC",17.7655797531347
0.1,90,0.5,"TC",15.7045952345602
0.3,90,0.5,"TC",17.8800677990927
0.1,30,0.3,"TC",24.3156404555149
0.3,30,0.3,"TC",17.6862168041771
0.1,90,0.3,"TC",18.761797987664
0.3,90,0.3,"TC",16.5975709386436
0.1,30,0.5,"TC",21.0022906221926
0.3,30,0.5,"TC",17.0948986018078
0.1,90,0.5,"TC",19.4627752491025
0.3,90,0.5,"TC",23.8017049070061
0.1,30,0.3,"TC",19.8272323672458
0.3,30,0.3,"TC",21.9799821937769
0.1,90,0.3,"TC",18.735012073313
0.3,90,0.3,"TC",22.7664602204787
0.1,30,0.5,"TC",15.91063078787
0.3,30,0.5,"TC",15.2331825504474
0.1,90,0.5,"TC",20.8157875000135
0.3,90,0.5,"TC",15.9791074738515
0.1,30,0.3,"TC",16.1641729154683
0.3,30,0.3,"TC",23.3784020375065
0.1,90,0.3,"TC",25.3380795079734
0.3,90,0.3,"TC",18.8925463137833
0.1,30,0.5,"TC",21.7401152575138
0.3,30,0.5,"TC",15.7850874983955
0.1,90,0.5,"TC",16.8656047852355
0.3,90,0.5,"TC",18.6829479715908
0.1,30,0.3,"TC",22.1773152198091
0.3,30,0.3,"TC",24.1857560912344
0.1,90,0.3,"TC",24.9925177061429
0.3,90,0.3,"TC",24.1719103742264
0.1,30,0.5,"TC",19.1707110517153
0.3,30,0.5,"TC",17.0522381909464
0.1,90,0.5,"TC",14.9341948611926
0.3,90,0.5,"TC",17.0691281537512
0.1,30,0.3,"TC",19.6657856334167
0.3,30,0.3,"TC",20.8228699039324
0.1,90,0.3,"TC",20.1190542870999
0.3,90,0.3,"TC",20.9591384162983
0.1,30,0.5,"TC",20.4416188272185
0.3,30,0.5,"TC",15.8228933784906
0.1,90,0.5,"TC",21.5612326802646
0.3,90,0.5,"TC",13.7509230097269
0.1,30,0.3,"TC",20.3881602189724
0.3,30,0.3,"TC",19.5418459750849
0.1,90,0.3,"TC",24.5997029023886
0.3,90,0.3,"TC",20.4366159768815
0.1,30,0.5,"TC",22.9476420792793
0.3,30,0.5,"TC",17.7944142279491
0.1,90,0.5,"TC",23.6285216389955
0.3,90,0.5,"TC",14.7819919573729
0.1,30,0.3,"TC",24.9581363909949
0.3,30,0.3,"TC",22.9520677366832
0.1,90,0.3,"TC",20.3035275170092
0.3,90,0.3,"TC",20.2623015308307
0.1,30,0.5,"TC",22.1380159437957
0.3,30,0.5,"TC",23.2993422639356
0.1,90,0.5,"TC",12.3087192271637
0.3,90,0.5,"TC",17.0604266595121
0.1,30,0.3,"TC",21.7891530695245
0.3,30,0.3,"TC",21.7711394891688
0.1,90,0.3,"TC",21.5790297140414
0.3,90,0.3,"TC",14.361722877204
0.1,30,0.5,"TC",16.4039333990702
0.3,30,0.5,"TC",22.0347928049924
0.1,90,0.5,"TC",15.8803959904663
0.3,90,0.5,"TC",18.6976933622066
0.1,30,0.3,"TC",16.5510510850581
0.3,30,0.3,"TC",17.7756592146747
0.1,90,0.3,"TC",17.7633328539075
0.3,90,0.3,"TC",19.9885532505494
0.1,30,0.5,"TC",14.9389904878852
0.3,30,0.5,"TC",19.7537250990735
0.1,90,0.5,"TC",9.76071833081672
0.3,90,0.5,"TC",13.506218862285
0.1,30,0.3,"TC",18.7690157645553
0.3,30,0.3,"TC",26.4573487540188
0.1,90,0.3,"TC",18.5194603986235
0.3,90,0.3,"TC",21.4013841657717
0.1,30,0.5,"TC",17.4662562709761
0.3,30,0.5,"TC",18.220719599393
0.1,90,0.5,"TC",17.694217377831
0.3,90,0.5,"TC",15.443339266115
0.1,30,0.3,"TC",19.0337295927015
0.3,30,0.3,"TC",18.570532747523
0.1,90,0.3,"TC",16.0720325157812
0.3,90,0.3,"TC",19.0501828391497
0.1,30,0.5,"TC",19.4156605951281
0.3,30,0.5,"TC",18.5532682247669
0.1,90,0.5,"TC",17.4942703059554
0.3,90,0.5,"TC",17.3031298883167
0.1,30,0.3,"TC",24.9907601842063
0.3,30,0.3,"TC",21.5770470655046
0.1,90,0.3,"TC",19.4969201716157
0.3,90,0.3,"TC",24.9161854490986
0.1,30,0.5,"TC",23.9602589027358
0.3,30,0.5,"TC",19.3953898281188
0.1,90,0.5,"TC",17.8435257207262
0.3,90,0.5,"TC",15.2437256692204
0.1,30,0.3,"TC",19.57445243187
0.3,30,0.3,"TC",20.5470982368928
0.1,90,0.3,"TC",18.231345190831
0.3,90,0.3,"TC",20.4993300431928
0.1,30,0.5,"TC",19.7516792915381
0.3,30,0.5,"TC",14.6763544496651
0.1,90,0.5,"TC",15.3574388445878
0.3,90,0.5,"TC",14.1476998969663
0.1,30,0.3,"TC",20.3231297761044
0.3,30,0.3,"TC",21.8193932722163
0.1,90,0.3,"TC",17.7415233518472
0.3,90,0.3,"TC",23.8822590729992
0.1,30,0.5,"TC",14.9798596826983
0.3,30,0.5,"TC",18.6990802569482
0.1,90,0.5,"TC",15.9612574825794
0.3,90,0.5,"TC",17.2401223410339
0.1,30,0.3,"TC",22.1949216390469
0.3,30,0.3,"TC",13.8839986929521
0.1,90,0.3,"TC",18.0316471427752
0.3,90,0.3,"TC",21.3721923896992
0.1,30,0.5,"TC",22.8588488335774
0.3,30,0.5,"TC",15.7806870036097
0.1,90,0.5,"TC",3.75040544754965
0.3,90,0.5,"TC",14.4505569063664
0.1,30,0.3,"TC",21.7534119581067
0.3,30,0.3,"TC",19.0918259247934
0.1,90,0.3,"TC",15.197440159188
0.3,90,0.3,"TC",19.3350402450373
0.1,30,0.5,"TC",20.1049917147242
0.3,30,0.5,"TC",14.6386947931162
0.1,90,0.5,"TC",17.419748627031
0.3,90,0.5,"TC",11.9856063868603
0.1,30,0.3,"TC",24.9888223342762
0.3,30,0.3,"TC",20.049829355801
0.1,90,0.3,"TC",20.3260601385918
0.3,90,0.3,"TC",19.3991848620962
0.1,30,0.5,"TC",22.7440644819951
0.3,30,0.5,"TC",17.4089221785087
0.1,90,0.5,"TC",17.7738184930352
0.3,90,0.5,"TC",18.9607942009361
0.1,30,0.3,"TC",18.4412642296873
0.3,30,0.3,"TC",17.5934890920374
0.1,90,0.3,"TC",19.0716283993389
0.3,90,0.3,"TC",20.5208730453622
0.1,30,0.5,"TC",23.5877090627272
0.3,30,0.5,"TC",25.0316346872817
0.1,90,0.5,"TC",20.1925195402857
0.3,90,0.5,"TC",23.2862666648262
0.1,30,0.3,"TC",19.6613985155052
0.3,30,0.3,"TC",20.4100418668296
0.1,90,0.3,"TC",17.6717127813182
0.3,90,0.3,"TC",21.6446505517512
0.1,30,0.5,"TC",26.0381863417654
0.3,30,0.5,"TC",21.5755925281359
0.1,90,0.5,"TC",15.8416743975577
0.3,90,0.5,"TC",14.1098578920042
0.1,30,0.3,"TC",17.1938540658859
0.3,30,0.3,"TC",20.065006037191
0.1,90,0.3,"TC",25.2246906840305
0.3,90,0.3,"TC",13.0322082091272
0.1,30,0.5,"TC",20.7437774808073
0.3,30,0.5,"TC",25.4956023943556
0.1,90,0.5,"TC",21.4516657876653
0.3,90,0.5,"TC",14.8195356473213
0.1,30,0.3,"TC",25.087236096839
0.3,30,0.3,"TC",19.6939598638326
0.1,90,0.3,"TC",21.3006588456912
0.3,90,0.3,"TC",20.176591070962
0.1,30,0.5,"TC",20.9924203149256
0.3,30,0.5,"TC",18.7253774174128
0.1,90,0.5,"TC",17.976093135289
0.3,90,0.5,"TC",19.94042004919
0.1,30,0.3,"TC",24.3390691088935
0.3,30,0.3,"TC",22.3467716335328
0.1,90,0.3,"TC",25.8235848599124
0.3,90,0.3,"TC",15.8470833230523
0.1,30,0.5,"TC",18.1647287978412
0.3,30,0.5,"TC",21.6706967317557
0.1,90,0.5,"TC",17.9246736304185
0.3,90,0.5,"TC",18.849601606713
0.1,30,0.3,"TC",18.6399642617771
0.3,30,0.3,"TC",21.130637587501
0.1,90,0.3,"TC",21.5057714551082
0.3,90,0.3,"TC",21.8441273169137
0.1,30,0.5,"TC",15.6712016938354
0.3,30,0.5,"TC",17.7950076581593
0.1,90,0.5,"TC",10.7931035531009
0.3,90,0.5,"TC",18.5918597717533
0.1,30,0.3,"TC",22.3734398893974
0.3,30,0.3,"TC",18.6171808936244
0.1,90,0.3,"TC",20.5075946202973
0.3,90,0.3,"TC",20.4145175913279
0.1,30,0.5,"TC",17.9143011970092
0.3,30,0.5,"TC",21.9324359102062
0.1,90,0.5,"TC",17.9597557305382
0.3,90,0.5,"TC",15.5919664142832
0.1,30,0.3,"TC",19.0092482807378
0.3,30,0.3,"TC",17.0509339534488
0.1,90,0.3,"TC",20.3172712944804
0.3,90,0.3,"TC",17.492870259721
0.1,30,0.5,"TC",22.2403320359799
0.3,30,0.5,"TC",22.8957846747227
0.1,90,0.5,"TC",7.12440202062437
0.3,90,0.5,"TC",17.3552433471518
0.1,30,0.3,"TC",25.394680632929
0.3,30,0.3,"TC",14.0034791777829
0.1,90,0.3,"TC",15.1840685562945
0.3,90,0.3,"TC",14.3500537770519
0.1,30,0.5,"TC",18.4914567736271
0.3,30,0.5,"TC",18.3103817074492
0.1,90,0.5,"TC",12.2613777200747
0.3,90,0.5,"TC",18.2796348835372
0.1,30,0.3,"TC",21.6105306446162
0.3,30,0.3,"TC",20.6309931811841
0.1,90,0.3,"TC",16.1766265436003
0.3,90,0.3,"TC",18.6316136280629
0.1,30,0.5,"TC",24.1226064393497
0.3,30,0.5,"TC",19.4825710260052
0.1,90,0.5,"TC",16.5310826881381
0.3,90,0.5,"TC",15.3963034003343
0.1,30,0.3,"TC",17.1938835788732
0.3,30,0.3,"TC",16.5712450272958
0.1,90,0.3,"TC",19.7346478469343
0.3,90,0.3,"TC",17.8707038964233
0.1,30,0.5,"TC",24.4060457692311
0.3,30,0.5,"TC",18.2223491749667
0.1,90,0.5,"TC",14.2135608246032
0.3,90,0.5,"TC",12.797130220061
0.1,30,0.3,"TC",21.6726231808445
0.3,30,0.3,"TC",18.1970022466
0.1,90,0.3,"TC",14.2868240247488
0.3,90,0.3,"TC",17.4760158514328
0.1,30,0.5,"TC",19.7342468299945
0.3,30,0.5,"TC",21.2494926942609
0.1,90,0.5,"TC",16.8108615786155
0.3,90,0.5,"TC",19.856811046849
0.1,30,0.3,"TC",24.4679156534695
0.3,30,0.3,"TC",20.6391181306627
0.1,90,0.3,"TC",18.7974451300924
0.3,90,0.3,"TC",24.0444822111463
0.1,30,0.5,"TC",18.0415834593133
0.3,30,0.5,"TC",20.0856548019674
0.1,90,0.5,"TC",16.6566876975964
0.3,90,0.5,"TC",16.2249708076955
0.1,30,0.3,"TC",21.7073745896349
0.3,30,0.3,"TC",21.3615234109986
0.1,90,0.3,"TC",18.2288738032202
0.3,90,0.3,"TC",17.7200193708393
0.1,30,0.5,"TC",20.5172713986795
0.3,30,0.5,"TC",17.9406340023239
0.1,90,0.5,"TC",17.0763720710649
0.3,90,0.5,"TC",15.4555009218323
0.1,30,0.3,"TC",19.4750006518603
0.3,30,0.3,"TC",21.1514318207074
0.1,90,0.3,"TC",23.2828675733239
0.3,90,0.3,"TC",20.0476421719979
0.1,30,0.5,"TC",19.2769719909169
0.3,30,0.5,"TC",15.5037554717153
0.1,90,0.5,"TC",20.3629531329388
0.3,90,0.5,"TC",15.7627032539251
0.1,30,0.3,"TC",21.589540920763
0.3,30,0.3,"TC",17.5579103079589
0.1,90,0.3,"TC",16.5944517136342
0.3,90,0.3,"TC",15.6832704469248
0.1,30,0.5,"TC",19.1765537022751
0.3,30,0.5,"TC",23.2037836512926
0.1,90,0.5,"TC",11.4038965552316
0.3,90,0.5,"TC",14.7620231100415
0.1,30,0.3,"TC",19.5722024421316
0.3,30,0.3,"TC",20.6301054923666
0.1,90,0.3,"TC",19.569426571655
0.3,90,0.3,"TC",15.132340256067
0.1,30,0.5,"TC",24.0537482315235
0.3,30,0.5,"TC",17.33264846126
0.1,90,0.5,"TC",15.7830225585412
0.3,90,0.5,"TC",13.8392065440166
0.1,30,0.3,"TC",14.4257840863408
0.3,30,0.3,"TC",19.5924196229147
0.1,90,0.3,"TC",23.0961377466636
0.3,90,0.3,"TC",25.2861440657393
0.1,30,0.5,"TC",23.5231180103214
0.3,30,0.5,"TC",13.2970959023705
0.1,90,0.5,"TC",16.8542405438756
0.3,90,0.5,"TC",17.5679264935171
0.1,30,0.3,"TC",22.1584493338398
0.3,30,0.3,"TC",13.0215599617791
0.1,90,0.3,"TC",14.1935486761347
0.3,90,0.3,"TC",26.7781215353848
0.1,30,0.5,"TC",24.0305954186381
0.3,30,0.5,"TC",21.2397675382589
0.1,90,0.5,"TC",18.5286800306184
0.3,90,0.5,"TC",14.8938721002406
0.1,30,0.3,"TC",12.904963306083
0.3,30,0.3,"TC",19.1553463607994
0.1,90,0.3,"TC",24.8858122060161
0.3,90,0.3,"TC",18.0478059975559
0.1,30,0.5,"TC",17.4613448191764
0.3,30,0.5,"TC",19.2695850233664
0.1,90,0.5,"TC",15.7072536014273
0.3,90,0.5,"TC",18.2550505920715
0.1,30,0.3,"TC",20.2581428011056
0.3,30,0.3,"TC",22.7899522098471
0.1,90,0.3,"TC",18.9948715258083
0.3,90,0.3,"TC",16.6932649347421
0.1,30,0.5,"TC",18.0537437474486
0.3,30,0.5,"TC",18.5878298771578
0.1,90,0.5,"TC",16.7756002571189
0.3,90,0.5,"TC",16.6207199038108
0.1,30,0.3,"TC",14.4510918208787
0.3,30,0.3,"TC",20.8201035534425
0.1,90,0.3,"TC",22.110461277358
0.3,90,0.3,"TC",18.1905613131316
0.1,30,0.5,"TC",17.7505050561638
0.3,30,0.5,"TC",20.3452346489312
0.1,90,0.5,"TC",15.9666131111277
0.3,90,0.5,"TC",15.8849507444323
0.1,30,0.3,"TC",13.8576575998747
0.3,30,0.3,"TC",17.7295902806625
0.1,90,0.3,"TC",22.2898274021297
0.3,90,0.3,"TC",17.9601796667576
0.1,30,0.5,"TC",22.8807856147207
0.3,30,0.5,"TC",20.5660263187063
0.1,90,0.5,"TC",20.4661357746169
0.3,90,0.5,"TC",16.020526185542
0.1,30,0.3,"TC",24.947672783666
0.3,30,0.3,"TC",21.4257630736768
0.1,90,0.3,"TC",19.6521278719527
0.3,90,0.3,"TC",22.2765839394563
0.1,30,0.5,"TC",20.0666282201075
0.3,30,0.5,"TC",19.9943952106286
0.1,90,0.5,"TC",14.7097568105672
0.3,90,0.5,"TC",15.6525242578432
0.1,30,0.3,"TC",22.5700536516095
0.3,30,0.3,"TC",22.7611790710409
0.1,90,0.3,"TC",18.065615540684
0.3,90,0.3,"TC",27.2151292326981
0.1,30,0.5,"TC",23.6263565431624
0.3,30,0.5,"TC",18.3123859515452
0.1,90,0.5,"TC",14.6125116480827
0.3,90,0.5,"TC",18.1335122150787
0.1,30,0.3,"TC",15.8352867049856
0.3,30,0.3,"TC",20.7694533402982
0.1,90,0.3,"TC",14.3865492101711
0.3,90,0.3,"TC",21.7986925642668
0.1,30,0.5,"TC",23.0298678722762
0.3,30,0.5,"TC",23.1465503659249
0.1,90,0.5,"TC",20.8808470146988
0.3,90,0.5,"TC",18.0906339279713
0.1,30,0.3,"TC",20.6513482689612
0.3,30,0.3,"TC",19.4549193700198
0.1,90,0.3,"TC",20.6211043841479
0.3,90,0.3,"TC",18.3879378865337
0.1,30,0.5,"TC",18.9338742383164
0.3,30,0.5,"TC",18.3396025211898
0.1,90,0.5,"TC",18.8745884382978
0.3,90,0.5,"TC",12.325405225031
0.1,30,0.3,"TC",15.7313541377986
0.3,30,0.3,"TC",21.0014115477519
0.1,90,0.3,"TC",17.3786062518285
0.3,90,0.3,"TC",20.9934586805701
0.1,30,0.5,"TC",20.0733734388344
0.3,30,0.5,"TC",23.025265379534
0.1,90,0.5,"TC",18.9461958345917
0.3,90,0.5,"TC",21.7044599563558
0.1,30,0.3,"TC",18.0807680589794
0.3,30,0.3,"TC",20.425874670778
0.1,90,0.3,"TC",14.3230821492995
0.3,90,0.3,"TC",17.6337343258304
0.1,30,0.5,"TC",23.1870599452643
0.3,30,0.5,"TC",7.4339319284732
0.1,90,0.5,"TC",13.1132922190521
0.3,90,0.5,"TC",13.330617790451
0.1,30,0.3,"TC",22.4576358020573
0.3,30,0.3,"TC",17.5225650696421
0.1,90,0.3,"TC",17.7608077897024
0.3,90,0.3,"TC",20.9512369920767
0.1,30,0.5,"TC",21.6472616535766
0.3,30,0.5,"TC",19.2598156590534
0.1,90,0.5,"TC",22.0678652854316
0.3,90,0.5,"TC",22.29202362885
0.1,30,0.3,"TC",20.670940608996
0.3,30,0.3,"TC",22.6942884886683
0.1,90,0.3,"TC",21.8849837254018
0.3,90,0.3,"TC",22.4581664306623
0.1,30,0.5,"TC",25.6301677586952
0.3,30,0.5,"TC",17.9446582258319
0.1,90,0.5,"TC",19.0692725702425
0.3,90,0.5,"TC",13.0298373437974
0.1,30,0.3,"TC",19.8212909039322
0.3,30,0.3,"TC",25.049753547128
0.1,90,0.3,"TC",19.6251105887526
0.3,90,0.3,"TC",22.9226994207058
0.1,30,0.5,"TC",18.7079505720374
0.3,30,0.5,"TC",21.0021949019245
0.1,90,0.5,"TC",12.6787057319065
0.3,90,0.5,"TC",19.7653930071629
0.1,30,0.3,"TC",18.9434250549933
0.3,30,0.3,"TC",16.1526015474029
0.1,90,0.3,"TC",19.2082492695961
0.3,90,0.3,"TC",15.7879131270947
0.1,30,0.5,"TC",20.1329195880866
0.3,30,0.5,"TC",18.9516780144582
0.1,90,0.5,"TC",14.3238812185947
0.3,90,0.5,"TC",19.0995748394537
0.1,30,0.3,"TC",17.2867130979491
0.3,30,0.3,"TC",18.1820010956467
0.1,90,0.3,"TC",19.7476942886568
0.3,90,0.3,"TC",19.1529348452044
0.1,30,0.5,"TC",23.4293330515544
0.3,30,0.5,"TC",21.6527425559069
0.1,90,0.5,"TC",20.7825006965761
0.3,90,0.5,"TC",20.7233353314489
0.1,30,0.3,"TC",22.9903739773408
0.3,30,0.3,"TC",18.4511973068986
0.1,90,0.3,"TC",19.816546460782
0.3,90,0.3,"TC",15.6270156286087
0.1,30,0.5,"TC",14.7287728558867
0.3,30,0.5,"TC",20.9347906801879
0.1,90,0.5,"TC",20.364063826992
0.3,90,0.5,"TC",17.2693819322662
0.1,30,0.3,"TC",15.7390461070089
0.3,30,0.3,"TC",20.8052923918527
0.1,90,0.3,"TC",11.874081613393
0.3,90,0.3,"TC",19.3538641365073
0.1,30,0.5,"TC",21.9026488443349
0.3,30,0.5,"TC",23.0621834253509
0.1,90,0.5,"TC",17.7875661354184
0.3,90,0.5,"TC",19.5359193985789
0.1,30,0.3,"TC",20.4547925797318
0.3,30,0.3,"TC",24.6013524641462
0.1,90,0.3,"TC",23.0997150742455
0.3,90,0.3,"TC",24.8908311159195
0.1,30,0.5,"TC",19.2210203643048
0.3,30,0.5,"TC",19.4604959535541
0.1,90,0.5,"TC",14.405234657556
0.3,90,0.5,"TC",21.4277360825408
0.1,30,0.3,"TC",16.8877637640996
0.3,30,0.3,"TC",23.5074185684685
0.1,90,0.3,"TC",17.2095503123578
0.3,90,0.3,"TC",19.6862530955538
0.1,30,0.5,"TC",19.8361798413972
0.3,30,0.5,"TC",17.2671346248652
0.1,90,0.5,"TC",21.3843664853729
0.3,90,0.5,"TC",20.3584199325926
0.1,30,0.3,"TC",22.1435405079808
0.3,30,0.3,"TC",17.8668419069637
0.1,90,0.3,"TC",18.2507923018245
0.3,90,0.3,"TC",18.6425518314184
0.1,30,0.5,"TC",20.576357183825
0.3,30,0.5,"TC",20.7919144473935
0.1,90,0.5,"TC",21.3778571977105
0.3,90,0.5,"TC",18.7439061641435
0.1,30,0.3,"TC",21.7038458129277
0.3,30,0.3,"TC",16.6881213575238
0.1,90,0.3,"TC",24.8465964958587
0.3,90,0.3,"TC",17.0414385481444
0.1,30,0.5,"TC",17.8576138074076
0.3,30,0.5,"TC",20.3119257024261
0.1,90,0.5,"TC",13.8698046406429
0.3,90,0.5,"TC",14.9428636247553
0.1,30,0.3,"TC",19.030361831591
0.3,30,0.3,"TC",21.0966612492192
0.1,90,0.3,"TC",19.6437924329555
0.3,90,0.3,"TC",25.8418980510292
0.1,30,0.5,"TC",15.9733564040243
0.3,30,0.5,"TC",17.4591575896105
0.1,90,0.5,"TC",16.5245836230104
0.3,90,0.5,"TC",16.4580669140125
0.1,30,0.3,"TC",19.3771779712721
0.3,30,0.3,"TC",18.5413409519127
0.1,90,0.3,"TC",15.5061396308781
0.3,90,0.3,"TC",18.9584515191493
0.1,30,0.5,"TC",22.2159516089841
0.3,30,0.5,"TC",29.770667972742
0.1,90,0.5,"TC",14.6301649153716
0.3,90,0.5,"TC",16.2417351246687
0.1,30,0.3,"TC",23.4296619485542
0.3,30,0.3,"TC",19.6675915152016
0.1,90,0.3,"TC",17.7233005123883
0.3,90,0.3,"TC",22.9408870294677
0.1,30,0.5,"TC",20.6422543703597
0.3,30,0.5,"TC",17.8155825792605
0.1,90,0.5,"TC",18.693625971407
0.3,90,0.5,"TC",16.2675686162947
0.1,30,0.3,"TC",20.3907952703729
0.3,30,0.3,"TC",21.6798233496199
0.1,90,0.3,"TC",22.7200481837141
0.3,90,0.3,"TC",21.5652225243313
0.1,30,0.5,"TC",17.5562395861707
0.3,30,0.5,"TC",22.5651156954013
0.1,90,0.5,"TC",19.7529632864468
0.3,90,0.5,"TC",12.7887767597078
0.1,30,0.3,"TC",18.2854150839761
0.3,30,0.3,"TC",18.9547594736678
0.1,90,0.3,"TC",16.540903459114
0.3,90,0.3,"TC",15.1994100688087
0.1,30,0.5,"TC",16.4810782732456
0.3,30,0.5,"TC",22.051540791659
0.1,90,0.5,"TC",18.2553777018685
0.3,90,0.5,"TC",17.9762439870959
0.1,30,0.3,"TC",18.2856508426815
0.3,30,0.3,"TC",15.0477943566953
0.1,90,0.3,"TC",16.5259474076908
0.3,90,0.3,"TC",16.9507434037957
0.1,30,0.5,"TC",22.3968563661352
0.3,30,0.5,"TC",19.8991284512663
0.1,90,0.5,"TC",16.4974306692499
0.3,90,0.5,"TC",14.6808707193323
0.1,30,0.3,"TC",17.699719378074
0.3,30,0.3,"TC",20.7939460898041
0.1,90,0.3,"TC",17.9366787166549
0.3,90,0.3,"TC",23.05878516177
0.1,30,0.5,"TC",18.4398273083605
0.3,30,0.5,"TC",19.0357238491125
0.1,90,0.5,"TC",11.6750126531757
0.3,90,0.5,"TC",12.611207368729
0.1,30,0.3,"TC",25.3274671639311
0.3,30,0.3,"TC",15.7086985725791
0.1,90,0.3,"TC",19.7640862912936
0.3,90,0.3,"TC",23.0660685739899
0.1,30,0.5,"TC",14.9819786457402
0.3,30,0.5,"TC",22.9457519316997
0.1,90,0.5,"TC",14.0038722616637
0.3,90,0.5,"TC",17.8916692055566
0.1,30,0.3,"TC",21.5326063553834
0.3,30,0.3,"TC",20.3690598280808
0.1,90,0.3,"TC",23.2510943636125
0.3,90,0.3,"TC",18.6195792319
0.1,30,0.5,"TC",20.7654142005401
0.3,30,0.5,"TC",20.4217230511987
0.1,90,0.5,"TC",16.5980754141845
0.3,90,0.5,"TC",17.7914057549925
0.1,30,0.3,"TC",20.905431233677
0.3,30,0.3,"TC",22.7314334747032
0.1,90,0.3,"TC",21.2876396489285
0.3,90,0.3,"TC",15.7955261147732
0.1,30,0.5,"TC",17.0324970356909
0.3,30,0.5,"TC",18.4217088606452
0.1,90,0.5,"TC",20.9366878962179
0.3,90,0.5,"TC",19.8815601967438
0.1,30,0.3,"TC",17.1488620134602
0.3,30,0.3,"TC",19.1241292238351
0.1,90,0.3,"TC",21.2982758236526
0.3,90,0.3,"TC",18.0107768422851
0.1,30,0.5,"TC",19.2306680446054
0.3,30,0.5,"TC",24.6479037960233
0.1,90,0.5,"TC",11.80382146614
0.3,90,0.5,"TC",15.9265044369096
0.1,30,0.3,"TC",26.6151075785181
0.3,30,0.3,"TC",21.4512154369759
0.1,90,0.3,"TC",27.4222447718271
0.3,90,0.3,"TC",21.428071202319
0.1,30,0.5,"TC",22.4365169122993
0.3,30,0.5,"TC",16.9886413448232
0.1,90,0.5,"TC",14.3502126926606
0.3,90,0.5,"TC",21.6837911546806
0.1,30,0.3,"TC",18.4757324675929
0.3,30,0.3,"TC",17.9841898785215
0.1,90,0.3,"TC",16.6645285855273
0.3,90,0.3,"TC",22.5460243805284
0.1,30,0.5,"TC",16.3073162295313
0.3,30,0.5,"TC",18.4779494676116
0.1,90,0.5,"TC",18.0335892484424
0.3,90,0.5,"TC",20.1139500583645
0.1,30,0.3,"TC",17.3999375187108
0.3,30,0.3,"TC",27.3937276112391
0.1,90,0.3,"TC",20.9892820499359
0.3,90,0.3,"TC",24.8837058728049
0.1,30,0.5,"TC",14.3945647085718
0.3,30,0.5,"TC",22.777136039391
0.1,90,0.5,"TC",20.2136574953719
0.3,90,0.5,"TC",15.6460817748333
0.1,30,0.3,"TC",25.8441513535873
0.3,30,0.3,"TC",28.9822899164694
0.1,90,0.3,"TC",20.8169922861664
0.3,90,0.3,"TC",15.998482118046
0.1,30,0.5,"TC",20.4014287035247
0.3,30,0.5,"TC",16.8930708658682
0.1,90,0.5,"TC",14.1514877100308
0.3,90,0.5,"TC",19.0165863574214
0.1,30,0.3,"TC",21.625950016305
0.3,30,0.3,"TC",18.5923291498655
0.1,90,0.3,"TC",14.7893679034865
0.3,90,0.3,"TC",21.0353105766424
0.1,30,0.5,"TC",17.2517009357653
0.3,30,0.5,"TC",18.3718212821614
0.1,90,0.5,"TC",17.699485273607
0.3,90,0.5,"TC",18.9844679169853
0.1,30,0.3,"TC",17.4964508272257
0.3,30,0.3,"TC",21.6797093014967
0.1,90,0.3,"TC",19.2027851028038
0.3,90,0.3,"TC",22.1812773164867
0.1,30,0.5,"TC",20.3865187500999
0.3,30,0.5,"TC",19.9149087026279
0.1,90,0.5,"TC",14.6394813524773
0.3,90,0.5,"TC",21.5196901916175
0.1,30,0.3,"TC",23.654868127307
0.3,30,0.3,"TC",15.9921315418516
0.1,90,0.3,"TC",19.4254188908725
0.3,90,0.3,"TC",20.5344230185994
0.1,30,0.5,"TC",22.1054279990898
0.3,30,0.5,"TC",22.6857223390952
0.1,90,0.5,"TC",13.8316323760436
0.3,90,0.5,"TC",20.6607370370456
0.1,30,0.3,"TC",24.8429534050578
0.3,30,0.3,"TC",14.2485674192252
0.1,90,0.3,"TC",18.9001511450199
0.3,90,0.3,"TC",21.0632591375268
0.1,30,0.5,"TC",20.2408194167038
0.3,30,0.5,"TC",19.9406398973179
0.1,90,0.5,"TC",13.1121360881189
0.3,90,0.5,"TC",15.9747842989768
0.1,30,0.3,"TC",21.7260628562342
0.3,30,0.3,"TC",16.0843944807372
0.1,90,0.3,"TC",18.3297962948377
0.3,90,0.3,"TC",19.6363937325058
0.1,30,0.5,"TC",17.7844269978646
0.3,30,0.5,"TC",22.4524528142401
0.1,90,0.5,"TC",16.8207348088377
0.3,90,0.5,"TC",17.9093664045493
0.1,30,0.3,"TC",21.8799331075483
0.3,30,0.3,"TC",20.463627931805
0.1,90,0.3,"TC",21.6443931919815
0.3,90,0.3,"TC",22.1851627157382
0.1,30,0.5,"TC",17.468578396802
0.3,30,0.5,"TC",18.0712758509394
0.1,90,0.5,"TC",20.1656290446696
0.3,90,0.5,"TC",15.0131442822302
0.1,30,0.3,"TC",16.7170989239344
0.3,30,0.3,"TC",21.133209504953
0.1,90,0.3,"TC",18.3829162137072
0.3,90,0.3,"TC",22.1373875977261
0.1,30,0.5,"TC",19.2352490089084
0.3,30,0.5,"TC",19.411025198347
0.1,90,0.5,"TC",8.41694893336471
0.3,90,0.5,"TC",22.8281118091886
0.1,30,0.3,"TC",24.5249331364369
0.3,30,0.3,"TC",21.1117918866508
0.1,90,0.3,"TC",21.250513258781
0.3,90,0.3,"TC",19.1107550113374
0.1,30,0.5,"TC",19.8466290290758
0.3,30,0.5,"TC",15.7888149502735
0.1,90,0.5,"TC",11.0211871937786
0.3,90,0.5,"TC",18.566990508778
0.1,30,0.3,"TC",18.1717713077822
0.3,30,0.3,"TC",18.4005398570093
0.1,90,0.3,"TC",23.1077736411228
0.3,90,0.3,"TC",17.4913823205447
0.1,30,0.5,"TC",19.9148653161533
0.3,30,0.5,"TC",21.7424296592561
0.1,90,0.5,"TC",17.9750492231556
0.3,90,0.5,"TC",15.3662630654715
0.1,30,0.3,"TC",22.3617944093106
0.3,30,0.3,"TC",20.0895572928224
0.1,90,0.3,"TC",21.6895242456463
0.3,90,0.3,"TC",23.3422826660026
0.1,30,0.5,"TC",20.8448176741602
0.3,30,0.5,"TC",18.5708396480864
0.1,90,0.5,"TC",17.5411420493558
0.3,90,0.5,"TC",14.7469169563236
0.1,30,0.3,"TC",26.8952885087532
0.3,30,0.3,"TC",24.2186813372986
0.1,90,0.3,"TC",16.5864878970694
0.3,90,0.3,"TC",23.0083154823303
0.1,30,0.5,"TC",25.1404881476369
0.3,30,0.5,"TC",22.7094188216634
0.1,90,0.5,"TC",15.693080165455
0.3,90,0.5,"TC",17.4297915030188
0.1,30,0.3,"TC",20.5760692283829
0.3,30,0.3,"TC",23.3564062824191
0.1,90,0.3,"TC",21.0388330446481
0.3,90,0.3,"TC",12.8876613955861
0.1,30,0.5,"TC",24.3511403984624
0.3,30,0.5,"TC",14.2655491571558
0.1,90,0.5,"TC",14.8601416297542
0.3,90,0.5,"TC",19.3588976322416
0.1,30,0.3,"TC",20.8197093792874
0.3,30,0.3,"TC",18.4372654272366
0.1,90,0.3,"TC",15.940751057817
0.3,90,0.3,"TC",19.7868572730455
0.1,30,0.5,"TC",24.8785055548308
0.3,30,0.5,"TC",21.458583705632
0.1,90,0.5,"TC",13.7204015398231
0.3,90,0.5,"TC",9.73533529072886
0.1,30,0.3,"TC",22.0100491221317
0.3,30,0.3,"TC",20.6420661434515
0.1,90,0.3,"TC",22.9324901250207
0.3,90,0.3,"TC",15.9165529431071
0.1,30,0.5,"TC",20.345547541155
0.3,30,0.5,"TC",16.0362083961786
0.1,90,0.5,"TC",10.3000433776498
0.3,90,0.5,"TC",19.5352344802067
0.1,30,0.3,"TC",22.513794995777
0.3,30,0.3,"TC",17.7368846272372
0.1,90,0.3,"TC",19.5516932617174
0.3,90,0.3,"TC",20.4703552610999
0.1,30,0.5,"TC",21.3463340879896
0.3,30,0.5,"TC",19.8017873936939
0.1,90,0.5,"TC",17.0251245066462
0.3,90,0.5,"TC",14.3159200984216
0.1,30,0.3,"TC",23.871572773676
0.3,30,0.3,"TC",18.0759752908399
0.1,90,0.3,"TC",21.4565166821877
0.3,90,0.3,"TC",20.0102165637209
0.1,30,0.5,"TC",18.9050680405728
0.3,30,0.5,"TC",18.3910815354851
0.1,90,0.5,"TC",15.2981541960196
0.3,90,0.5,"TC",17.1625209593976
0.1,30,0.3,"TC",18.9255397768708
0.3,30,0.3,"TC",19.5272293177864
0.1,90,0.3,"TC",21.1872662957534
0.3,90,0.3,"TC",21.725464676283
0.1,30,0.5,"TC",25.4751328353139
0.3,30,0.5,"TC",23.3857648093188
0.1,90,0.5,"TC",17.2434517677495
0.3,90,0.5,"TC",19.350029886863
0.1,30,0.3,"TC",18.2311274896129
0.3,30,0.3,"TC",22.6924949231838
0.1,90,0.3,"TC",14.2389938587414
0.3,90,0.3,"TC",13.2782403072017
0.1,30,0.5,"TC",23.7808093319977
0.3,30,0.5,"TC",18.625503558512
0.1,90,0.5,"TC",18.7411400954093
0.3,90,0.5,"TC",17.08271116517
0.1,30,0.3,"TC",12.9106840337569
0.3,30,0.3,"TC",18.0489040631603
0.1,90,0.3,"TC",21.9256120130904
0.3,90,0.3,"TC",18.5720696519585
0.1,30,0.5,"TC",18.0958473841685
0.3,30,0.5,"TC",15.2823279450336
0.1,90,0.5,"TC",19.760744212908
0.3,90,0.5,"TC",15.1324712168
0.1,30,0.3,"TC",22.5264874007748
0.3,30,0.3,"TC",24.3758429073815
0.1,90,0.3,"TC",16.9285006191552
0.3,90,0.3,"TC",17.3000136443727
0.1,30,0.5,"TC",15.9900867946781
0.3,30,0.5,"TC",19.5837746872091
0.1,90,0.5,"TC",18.394123617351
0.3,90,0.5,"TC",14.3103032410704
0.1,30,0.3,"TC",17.6941063381987
0.3,30,0.3,"TC",22.9202391547809
0.1,90,0.3,"TC",19.7317418446391
0.3,90,0.3,"TC",22.3502813448397
0.1,30,0.5,"TC",19.8659605100829
0.3,30,0.5,"TC",18.525203903959
0.1,90,0.5,"TC",15.1151904571239
0.3,90,0.5,"TC",18.6212365967469
0.1,30,0.3,"TC",14.9009904682648
0.3,30,0.3,"TC",22.2561534719618
0.1,90,0.3,"TC",17.360348176308
0.3,90,0.3,"TC",19.3503634004304
0.1,30,0.5,"TC",29.797461571495
0.3,30,0.5,"TC",18.7339733378586
0.1,90,0.5,"TC",11.6328568286979
0.3,90,0.5,"TC",20.017701714475
0.1,30,0.3,"TC",26.2331598624698
0.3,30,0.3,"TC",21.3272338636056
0.1,90,0.3,"TC",14.8131070812575
0.3,90,0.3,"TC",14.0686105901819
0.1,30,0.5,"TC",18.8235059669145
0.3,30,0.5,"TC",21.6349168424521
0.1,90,0.5,"TC",14.6592338799652
0.3,90,0.5,"TC",16.6729590164929
0.1,30,0.3,"TC",19.8272641205588
0.3,30,0.3,"TC",20.7930217422357
0.1,90,0.3,"TC",17.870375853489
0.3,90,0.3,"TC",14.7143579374997
0.1,30,0.5,"TC",22.5633679845976
0.3,30,0.5,"TC",21.985743117706
0.1,90,0.5,"TC",10.3327918285197
0.3,90,0.5,"TC",9.20868470124856
0.1,30,0.3,"TC",18.6156949170392
0.3,30,0.3,"TC",18.1125590313695
0.1,90,0.3,"TC",19.0542902370983
0.3,90,0.3,"TC",15.535132804885
0.1,30,0.5,"TC",20.5837621004347
0.3,30,0.5,"TC",20.8614791210232
0.1,90,0.5,"TC",14.5176397781599
0.3,90,0.5,"TC",16.5419618681434
0.1,30,0.3,"TC",23.181986206735
0.3,30,0.3,"TC",20.4501209031946
0.1,90,0.3,"TC",15.6143201428466
0.3,90,0.3,"TC",23.0277068729458
0.1,30,0.5,"TC",18.7881562275931
0.3,30,0.5,"TC",16.6131992425613
0.1,90,0.5,"TC",12.2250030898757
0.3,90,0.5,"TC",14.4030318193497
0.1,30,0.3,"TC",24.976349416528
0.3,30,0.3,"TC",21.9967765303434
0.1,90,0.3,"TC",16.1339239528326
0.3,90,0.3,"TC",19.4311557316059
0.1,30,0.5,"TC",15.4728546329625
0.3,30,0.5,"TC",19.7655738338063
0.1,90,0.5,"TC",16.9929319768601
0.3,90,0.5,"TC",13.3874267785535
0.1,30,0.3,"TC",19.6316243234469
0.3,30,0.3,"TC",18.0106602998902
0.1,90,0.3,"TC",16.2265829872965
0.3,90,0.3,"TC",20.2618963977259
0.1,30,0.5,"TC",19.4130414252222
0.3,30,0.5,"TC",22.9498942167303
0.1,90,0.5,"TC",17.4377800891522
0.3,90,0.5,"TC",16.3073339887834
