"Prev.Length","Prev.Size","Tile.Size","Top.Row","Browse.Time"
80,0.4577144,0.2,"TC",21.4775159394447
100,0.4577144,0.2,"TC",14.877602633537
80,0.5154289,0.2,"TC",6.25295269547283
100,0.5154289,0.2,"TC",20.1376195197213
76,0.48657165,0.2,"TC",21.0839309605861
104,0.48657165,0.2,"TC",17.7962493235035
90,0.4461715,0.2,"TC",18.1943143626141
90,0.5269718,0.2,"TC",13.3380338193937
90,0.48657165,0.2,"TC",20.0719721606093
80,0.4577144,0.2,"TC",16.132181747576
100,0.4577144,0.2,"TC",16.9672128912684
80,0.5154289,0.2,"TC",16.9458262583887
100,0.5154289,0.2,"TC",19.2423729921422
76,0.48657165,0.2,"TC",19.9192681550887
104,0.48657165,0.2,"TC",19.5374839065656
90,0.4461715,0.2,"TC",18.1784004128289
90,0.5269718,0.2,"TC",13.7169781859577
90,0.48657165,0.2,"TC",24.8496005847642
80,0.4577144,0.2,"TC",19.995713960469
100,0.4577144,0.2,"TC",19.8616777173555
80,0.5154289,0.2,"TC",17.9980750196233
100,0.5154289,0.2,"TC",12.1713197431452
76,0.48657165,0.2,"TC",17.6999542903644
104,0.48657165,0.2,"TC",23.8513629762719
90,0.4461715,0.2,"TC",17.7508343036657
90,0.5269718,0.2,"TC",16.738512249019
90,0.48657165,0.2,"TC",20.2825328038087
80,0.4577144,0.2,"TC",19.4012007003882
100,0.4577144,0.2,"TC",14.5506392666505
80,0.5154289,0.2,"TC",19.7784038539673
100,0.5154289,0.2,"TC",17.9280442072057
76,0.48657165,0.2,"TC",21.3699004876229
104,0.48657165,0.2,"TC",18.7073774291506
90,0.4461715,0.2,"TC",15.6368964775735
90,0.5269718,0.2,"TC",19.1179487850661
90,0.48657165,0.2,"TC",15.0549815501103
80,0.4577144,0.2,"TC",16.1115114278239
100,0.4577144,0.2,"TC",16.0912437636598
80,0.5154289,0.2,"TC",15.6294569188509
100,0.5154289,0.2,"TC",13.1918146765911
76,0.48657165,0.2,"TC",11.48389115859
104,0.48657165,0.2,"TC",18.4995579027406
90,0.4461715,0.2,"TC",19.2079499161585
90,0.5269718,0.2,"TC",16.8268867690502
90,0.48657165,0.2,"TC",21.2684192165091
80,0.4577144,0.2,"TC",16.8980312834666
100,0.4577144,0.2,"TC",15.08560798043
80,0.5154289,0.2,"TC",21.934384575985
100,0.5154289,0.2,"TC",17.6506213937274
76,0.48657165,0.2,"TC",18.4432275736685
104,0.48657165,0.2,"TC",19.6006838902473
90,0.4461715,0.2,"TC",18.7056018198684
90,0.5269718,0.2,"TC",14.9779576599738
90,0.48657165,0.2,"TC",19.6874196494772
80,0.4577144,0.2,"TC",17.3225955659419
100,0.4577144,0.2,"TC",19.6993921709811
80,0.5154289,0.2,"TC",18.7294926156342
100,0.5154289,0.2,"TC",16.4610782373406
76,0.48657165,0.2,"TC",19.8115468926849
104,0.48657165,0.2,"TC",19.103302621494
90,0.4461715,0.2,"TC",16.8760855528662
90,0.5269718,0.2,"TC",12.7246475524173
90,0.48657165,0.2,"TC",17.4878133760515
80,0.4577144,0.2,"TC",21.3299137521396
100,0.4577144,0.2,"TC",18.825631855681
80,0.5154289,0.2,"TC",12.3435377782439
100,0.5154289,0.2,"TC",22.2440677661801
76,0.48657165,0.2,"TC",17.2922326036965
104,0.48657165,0.2,"TC",19.624642872982
90,0.4461715,0.2,"TC",21.6371853695948
90,0.5269718,0.2,"TC",13.5767438039131
90,0.48657165,0.2,"TC",17.6113594092983
80,0.4577144,0.2,"TC",20.4971484782105
100,0.4577144,0.2,"TC",19.4573442362388
80,0.5154289,0.2,"TC",17.3016413441129
100,0.5154289,0.2,"TC",18.2916901191233
76,0.48657165,0.2,"TC",15.5435382844546
104,0.48657165,0.2,"TC",24.8806422987236
90,0.4461715,0.2,"TC",20.1008450161279
90,0.5269718,0.2,"TC",18.7092678160306
90,0.48657165,0.2,"TC",15.1259916835079
80,0.4577144,0.2,"TC",19.6590544827679
100,0.4577144,0.2,"TC",16.9123583169775
80,0.5154289,0.2,"TC",22.509921786004
100,0.5154289,0.2,"TC",16.2894308946721
76,0.48657165,0.2,"TC",20.1663364602049
104,0.48657165,0.2,"TC",17.9117423121838
90,0.4461715,0.2,"TC",22.4215868349031
90,0.5269718,0.2,"TC",17.8604232381604
90,0.48657165,0.2,"TC",16.4499463990512
80,0.4577144,0.2,"TC",17.801635759212
100,0.4577144,0.2,"TC",15.3505269914278
80,0.5154289,0.2,"TC",11.5788412834356
100,0.5154289,0.2,"TC",12.1893773797024
76,0.48657165,0.2,"TC",17.451210395155
104,0.48657165,0.2,"TC",16.544135819369
90,0.4461715,0.2,"TC",13.789772642468
90,0.5269718,0.2,"TC",17.5139894364167
90,0.48657165,0.2,"TC",16.7116474584433
80,0.4577144,0.2,"TC",14.3457512892441
100,0.4577144,0.2,"TC",15.0370018596595
80,0.5154289,0.2,"TC",19.0266567754973
100,0.5154289,0.2,"TC",13.7766814085856
76,0.48657165,0.2,"TC",18.9125266176939
104,0.48657165,0.2,"TC",18.4922324361082
90,0.4461715,0.2,"TC",19.3489638130792
90,0.5269718,0.2,"TC",15.7697635478111
90,0.48657165,0.2,"TC",20.8587223269232
80,0.4577144,0.2,"TC",18.4190985732135
100,0.4577144,0.2,"TC",23.0131741296678
80,0.5154289,0.2,"TC",16.5359128702357
100,0.5154289,0.2,"TC",16.7636011584444
76,0.48657165,0.2,"TC",13.357855348988
104,0.48657165,0.2,"TC",21.2749042940194
90,0.4461715,0.2,"TC",12.6787074254737
90,0.5269718,0.2,"TC",12.6608703820679
90,0.48657165,0.2,"TC",11.3117004779054
80,0.4577144,0.2,"TC",26.8732574573311
100,0.4577144,0.2,"TC",15.2326588721101
80,0.5154289,0.2,"TC",18.2068351573388
100,0.5154289,0.2,"TC",17.9969942013998
76,0.48657165,0.2,"TC",17.6545182355506
104,0.48657165,0.2,"TC",22.2121826112912
90,0.4461715,0.2,"TC",18.6876268606595
90,0.5269718,0.2,"TC",18.5306936085899
90,0.48657165,0.2,"TC",14.7116364543633
80,0.4577144,0.2,"TC",17.9979263781822
100,0.4577144,0.2,"TC",17.3741652977499
80,0.5154289,0.2,"TC",17.2371788502606
100,0.5154289,0.2,"TC",15.6671180336779
76,0.48657165,0.2,"TC",13.6502611082975
104,0.48657165,0.2,"TC",18.3359323500598
90,0.4461715,0.2,"TC",16.7027068913652
90,0.5269718,0.2,"TC",15.1583440952488
90,0.48657165,0.2,"TC",16.5730022080373
80,0.4577144,0.2,"TC",22.9299940290146
100,0.4577144,0.2,"TC",21.083643554946
80,0.5154289,0.2,"TC",18.1907418591186
100,0.5154289,0.2,"TC",11.8074979669563
76,0.48657165,0.2,"TC",13.4675413789288
104,0.48657165,0.2,"TC",17.5183362634914
90,0.4461715,0.2,"TC",24.4888603757962
90,0.5269718,0.2,"TC",11.1163733603773
90,0.48657165,0.2,"TC",17.2284212768647
80,0.4577144,0.2,"TC",16.1999464503006
100,0.4577144,0.2,"TC",12.8536744128924
80,0.5154289,0.2,"TC",14.2811275530128
100,0.5154289,0.2,"TC",15.3096711993097
76,0.48657165,0.2,"TC",20.8484937301769
104,0.48657165,0.2,"TC",18.9917712651839
90,0.4461715,0.2,"TC",21.1033800789154
90,0.5269718,0.2,"TC",12.0211306825433
90,0.48657165,0.2,"TC",17.0638235829021
80,0.4577144,0.2,"TC",23.5190519256049
100,0.4577144,0.2,"TC",14.217384179017
80,0.5154289,0.2,"TC",17.0772224616338
100,0.5154289,0.2,"TC",19.304826692525
76,0.48657165,0.2,"TC",20.7007397310035
104,0.48657165,0.2,"TC",12.1419558011696
90,0.4461715,0.2,"TC",21.7968845383704
90,0.5269718,0.2,"TC",9.08133007407603
90,0.48657165,0.2,"TC",12.7783985619815
80,0.4577144,0.2,"TC",21.3569077856263
100,0.4577144,0.2,"TC",14.4374009225996
80,0.5154289,0.2,"TC",16.1257452146799
100,0.5154289,0.2,"TC",20.0214270519818
76,0.48657165,0.2,"TC",16.1243350677249
104,0.48657165,0.2,"TC",14.0336367860525
90,0.4461715,0.2,"TC",19.0451042208088
90,0.5269718,0.2,"TC",15.863017677108
90,0.48657165,0.2,"TC",21.0793047456802
80,0.4577144,0.2,"TC",18.1113803948462
100,0.4577144,0.2,"TC",27.5211004479377
80,0.5154289,0.2,"TC",13.2893337520564
100,0.5154289,0.2,"TC",12.2597617492544
76,0.48657165,0.2,"TC",16.4992696245984
104,0.48657165,0.2,"TC",18.5239317012119
90,0.4461715,0.2,"TC",18.4335499229059
90,0.5269718,0.2,"TC",19.6497649405006
90,0.48657165,0.2,"TC",18.0190194538566
80,0.4577144,0.2,"TC",19.8926317897684
100,0.4577144,0.2,"TC",16.1383106262586
80,0.5154289,0.2,"TC",17.8223131747075
100,0.5154289,0.2,"TC",14.5679738434987
76,0.48657165,0.2,"TC",18.0669588352411
104,0.48657165,0.2,"TC",18.5875795079944
90,0.4461715,0.2,"TC",17.9259496325784
90,0.5269718,0.2,"TC",16.5251739453836
90,0.48657165,0.2,"TC",13.9359009745006
80,0.4577144,0.2,"TC",11.258220177639
100,0.4577144,0.2,"TC",19.1261845032561
80,0.5154289,0.2,"TC",19.0689181283559
100,0.5154289,0.2,"TC",21.8964798878015
76,0.48657165,0.2,"TC",15.7492810877923
104,0.48657165,0.2,"TC",17.3731470532324
90,0.4461715,0.2,"TC",21.2049721784525
90,0.5269718,0.2,"TC",16.1278881770624
90,0.48657165,0.2,"TC",16.2613776506435
80,0.4577144,0.2,"TC",18.8183135255978
100,0.4577144,0.2,"TC",13.5273846155672
80,0.5154289,0.2,"TC",16.2529252191729
100,0.5154289,0.2,"TC",17.8865380743493
76,0.48657165,0.2,"TC",18.1087305550339
104,0.48657165,0.2,"TC",11.6368314691933
90,0.4461715,0.2,"TC",24.394065644131
90,0.5269718,0.2,"TC",11.565712068227
90,0.48657165,0.2,"TC",17.1202189552218
80,0.4577144,0.2,"TC",19.4759559502719
100,0.4577144,0.2,"TC",17.8744142330801
80,0.5154289,0.2,"TC",12.322036885651
100,0.5154289,0.2,"TC",19.9003727607266
76,0.48657165,0.2,"TC",18.3451815753811
104,0.48657165,0.2,"TC",13.5630953625061
90,0.4461715,0.2,"TC",19.9147140881902
90,0.5269718,0.2,"TC",16.3450748790489
90,0.48657165,0.2,"TC",19.0921499664335
80,0.4577144,0.2,"TC",19.9442220216007
100,0.4577144,0.2,"TC",18.2611468502058
80,0.5154289,0.2,"TC",19.195522053949
100,0.5154289,0.2,"TC",22.1241360942984
76,0.48657165,0.2,"TC",18.1753822394276
104,0.48657165,0.2,"TC",16.9308737031075
90,0.4461715,0.2,"TC",12.546990046864
90,0.5269718,0.2,"TC",20.0535158298077
90,0.48657165,0.2,"TC",18.2751849761402
80,0.4577144,0.2,"TC",21.0244172094892
100,0.4577144,0.2,"TC",10.8954700575228
80,0.5154289,0.2,"TC",18.4163626602352
100,0.5154289,0.2,"TC",12.9160785449998
76,0.48657165,0.2,"TC",14.6667504010884
104,0.48657165,0.2,"TC",11.7761475117467
90,0.4461715,0.2,"TC",16.5089475671211
90,0.5269718,0.2,"TC",13.6492617932666
90,0.48657165,0.2,"TC",15.6134001604939
80,0.4577144,0.2,"TC",18.0743322462798
100,0.4577144,0.2,"TC",19.7826477048165
80,0.5154289,0.2,"TC",21.6944947342549
100,0.5154289,0.2,"TC",13.0697971049311
76,0.48657165,0.2,"TC",19.3505008535609
104,0.48657165,0.2,"TC",19.7350075580737
90,0.4461715,0.2,"TC",13.1150827153605
90,0.5269718,0.2,"TC",14.578672073923
90,0.48657165,0.2,"TC",19.1948081503987
80,0.4577144,0.2,"TC",12.758917586098
100,0.4577144,0.2,"TC",17.1263267480864
80,0.5154289,0.2,"TC",17.4472371387031
100,0.5154289,0.2,"TC",21.4170535636709
76,0.48657165,0.2,"TC",17.9063031190778
104,0.48657165,0.2,"TC",17.6306275904575
90,0.4461715,0.2,"TC",13.7870012389991
90,0.5269718,0.2,"TC",14.034067069527
90,0.48657165,0.2,"TC",14.3267541415371
80,0.4577144,0.2,"TC",17.3862038306861
100,0.4577144,0.2,"TC",14.8854883111107
80,0.5154289,0.2,"TC",22.9459399219875
100,0.5154289,0.2,"TC",13.7100937083538
76,0.48657165,0.2,"TC",12.9980930331991
104,0.48657165,0.2,"TC",18.7041635054817
90,0.4461715,0.2,"TC",17.2163344684898
90,0.5269718,0.2,"TC",15.4504340466897
90,0.48657165,0.2,"TC",21.5016729523634
80,0.4577144,0.2,"TC",17.1377890189358
100,0.4577144,0.2,"TC",19.1308284289991
80,0.5154289,0.2,"TC",13.3434364483689
100,0.5154289,0.2,"TC",15.4864367673759
76,0.48657165,0.2,"TC",18.0762339068309
104,0.48657165,0.2,"TC",16.1013307048968
90,0.4461715,0.2,"TC",17.6003995940712
90,0.5269718,0.2,"TC",10.6577154573538
90,0.48657165,0.2,"TC",15.6229510319353
80,0.4577144,0.2,"TC",16.0996131558601
100,0.4577144,0.2,"TC",20.0928385388703
80,0.5154289,0.2,"TC",15.5540381197685
100,0.5154289,0.2,"TC",18.8197126527411
76,0.48657165,0.2,"TC",13.7457584701683
104,0.48657165,0.2,"TC",16.0103085752146
90,0.4461715,0.2,"TC",19.3480456971078
90,0.5269718,0.2,"TC",13.3324871647103
90,0.48657165,0.2,"TC",19.2011177023127
80,0.4577144,0.2,"TC",19.0383411695047
100,0.4577144,0.2,"TC",18.9207472441504
80,0.5154289,0.2,"TC",17.9281976151497
100,0.5154289,0.2,"TC",17.4238159627785
76,0.48657165,0.2,"TC",22.1814908021458
104,0.48657165,0.2,"TC",20.0737611604614
90,0.4461715,0.2,"TC",22.4627821283021
90,0.5269718,0.2,"TC",20.4024419248815
90,0.48657165,0.2,"TC",17.8494823291825
80,0.4577144,0.2,"TC",19.0886038792554
100,0.4577144,0.2,"TC",16.9149140651957
80,0.5154289,0.2,"TC",13.5950076063711
100,0.5154289,0.2,"TC",19.4182241821036
76,0.48657165,0.2,"TC",16.8337612804156
104,0.48657165,0.2,"TC",23.1966226953834
90,0.4461715,0.2,"TC",20.6846181983331
90,0.5269718,0.2,"TC",17.7229103020446
90,0.48657165,0.2,"TC",18.4562909374724
80,0.4577144,0.2,"TC",15.9864498742964
100,0.4577144,0.2,"TC",20.5414993910577
80,0.5154289,0.2,"TC",19.0081162873386
100,0.5154289,0.2,"TC",16.1489922901529
76,0.48657165,0.2,"TC",18.044741138497
104,0.48657165,0.2,"TC",18.4920175965506
90,0.4461715,0.2,"TC",13.4971634052789
90,0.5269718,0.2,"TC",16.7010134857699
90,0.48657165,0.2,"TC",14.9597066869989
80,0.4577144,0.2,"TC",17.4561578379316
100,0.4577144,0.2,"TC",16.3520466527659
80,0.5154289,0.2,"TC",16.2269496477926
100,0.5154289,0.2,"TC",13.0421836442408
76,0.48657165,0.2,"TC",15.1914781609813
104,0.48657165,0.2,"TC",15.3417897933632
90,0.4461715,0.2,"TC",21.1439501713501
90,0.5269718,0.2,"TC",15.6484565290458
90,0.48657165,0.2,"TC",17.8219648031153
80,0.4577144,0.2,"TC",19.5956418066255
100,0.4577144,0.2,"TC",18.3327187595252
80,0.5154289,0.2,"TC",17.6603387236519
100,0.5154289,0.2,"TC",13.6855144172743
76,0.48657165,0.2,"TC",15.5351702212948
104,0.48657165,0.2,"TC",18.4649737433306
90,0.4461715,0.2,"TC",23.3035562846535
90,0.5269718,0.2,"TC",12.1799678520148
90,0.48657165,0.2,"TC",12.0222016452528
80,0.4577144,0.2,"TC",20.2267841607585
100,0.4577144,0.2,"TC",20.7796396448336
80,0.5154289,0.2,"TC",14.0209430312186
100,0.5154289,0.2,"TC",19.8440464260973
76,0.48657165,0.2,"TC",11.3579481473775
104,0.48657165,0.2,"TC",14.204672826418
90,0.4461715,0.2,"TC",20.6787868500911
90,0.5269718,0.2,"TC",19.4297278582271
90,0.48657165,0.2,"TC",12.1228800404112
80,0.4577144,0.2,"TC",21.6904726655761
100,0.4577144,0.2,"TC",17.187381427983
80,0.5154289,0.2,"TC",9.06324010459761
100,0.5154289,0.2,"TC",15.8897620507806
76,0.48657165,0.2,"TC",13.8493043257068
104,0.48657165,0.2,"TC",14.5365658823214
90,0.4461715,0.2,"TC",14.7349476616892
90,0.5269718,0.2,"TC",19.9673023510305
90,0.48657165,0.2,"TC",10.9522967991698
80,0.4577144,0.2,"TC",21.2348109280566
100,0.4577144,0.2,"TC",20.7011962487568
80,0.5154289,0.2,"TC",13.4057202700737
100,0.5154289,0.2,"TC",22.3260867956115
76,0.48657165,0.2,"TC",20.2830704174142
104,0.48657165,0.2,"TC",22.4767036757365
90,0.4461715,0.2,"TC",16.5903391348906
90,0.5269718,0.2,"TC",17.1367070346791
90,0.48657165,0.2,"TC",16.7501944546754
80,0.4577144,0.2,"TC",21.3781421493812
100,0.4577144,0.2,"TC",20.2222239721702
80,0.5154289,0.2,"TC",19.5821495409856
100,0.5154289,0.2,"TC",14.0904298985753
76,0.48657165,0.2,"TC",19.5163755188276
104,0.48657165,0.2,"TC",17.1996851111074
90,0.4461715,0.2,"TC",19.5794760596115
90,0.5269718,0.2,"TC",23.4719183266587
90,0.48657165,0.2,"TC",15.300428486215
80,0.4577144,0.2,"TC",15.7125548149371
100,0.4577144,0.2,"TC",13.6898478680025
80,0.5154289,0.2,"TC",15.7752980736348
100,0.5154289,0.2,"TC",17.5287120426172
76,0.48657165,0.2,"TC",18.968883408926
104,0.48657165,0.2,"TC",16.139088238342
90,0.4461715,0.2,"TC",15.1724278084385
90,0.5269718,0.2,"TC",16.1177915698915
90,0.48657165,0.2,"TC",17.0815049536379
80,0.4577144,0.2,"TC",22.6522789328286
100,0.4577144,0.2,"TC",18.9239721741995
80,0.5154289,0.2,"TC",22.8497128424264
100,0.5154289,0.2,"TC",17.2335142453322
76,0.48657165,0.2,"TC",18.6338240049342
104,0.48657165,0.2,"TC",19.3688239026764
90,0.4461715,0.2,"TC",17.601953325206
90,0.5269718,0.2,"TC",15.1701947975352
90,0.48657165,0.2,"TC",16.3602302524397
80,0.4577144,0.2,"TC",15.0372208159111
100,0.4577144,0.2,"TC",23.7923301875699
80,0.5154289,0.2,"TC",16.1043770765033
100,0.5154289,0.2,"TC",21.1230220353235
76,0.48657165,0.2,"TC",14.0823746611705
104,0.48657165,0.2,"TC",18.4208038224629
90,0.4461715,0.2,"TC",17.6979241418722
90,0.5269718,0.2,"TC",17.1136161855915
90,0.48657165,0.2,"TC",14.4410644767161
80,0.4577144,0.2,"TC",22.01933054557
100,0.4577144,0.2,"TC",17.4176119194306
80,0.5154289,0.2,"TC",23.3434486499552
100,0.5154289,0.2,"TC",13.4499634813383
76,0.48657165,0.2,"TC",13.6070350083285
104,0.48657165,0.2,"TC",17.5525636221505
90,0.4461715,0.2,"TC",15.5525872193511
90,0.5269718,0.2,"TC",16.2589968039759
90,0.48657165,0.2,"TC",18.0317255280537
80,0.4577144,0.2,"TC",13.9010980309522
100,0.4577144,0.2,"TC",20.1332889852924
80,0.5154289,0.2,"TC",19.6558741402607
100,0.5154289,0.2,"TC",18.9219267508221
76,0.48657165,0.2,"TC",10.1251357117773
104,0.48657165,0.2,"TC",20.1915511855929
90,0.4461715,0.2,"TC",19.8177010346065
90,0.5269718,0.2,"TC",11.8770741950298
90,0.48657165,0.2,"TC",15.5638936375691
80,0.4577144,0.2,"TC",17.6444288181231
100,0.4577144,0.2,"TC",14.9831281174205
80,0.5154289,0.2,"TC",15.789895818647
100,0.5154289,0.2,"TC",16.2402482802978
76,0.48657165,0.2,"TC",21.9083444957335
104,0.48657165,0.2,"TC",22.9787181634238
90,0.4461715,0.2,"TC",17.1585632007145
90,0.5269718,0.2,"TC",18.8929406336563
90,0.48657165,0.2,"TC",17.1585772114431
80,0.4577144,0.2,"TC",15.6798188322353
100,0.4577144,0.2,"TC",18.4355258467057
80,0.5154289,0.2,"TC",15.1842883224023
100,0.5154289,0.2,"TC",21.0374405402365
76,0.48657165,0.2,"TC",16.7128711695539
104,0.48657165,0.2,"TC",14.8810009906049
90,0.4461715,0.2,"TC",16.056455439159
90,0.5269718,0.2,"TC",19.2227243250938
90,0.48657165,0.2,"TC",19.5707479461624
80,0.4577144,0.2,"TC",16.3780010928049
100,0.4577144,0.2,"TC",17.8087195422551
80,0.5154289,0.2,"TC",16.7108328591199
100,0.5154289,0.2,"TC",19.2181367160907
76,0.48657165,0.2,"TC",19.5345521741399
104,0.48657165,0.2,"TC",18.7299877825132
90,0.4461715,0.2,"TC",15.406509502171
90,0.5269718,0.2,"TC",18.3546900988263
90,0.48657165,0.2,"TC",18.033360291948
80,0.4577144,0.2,"TC",14.3616933682089
100,0.4577144,0.2,"TC",13.2939477254642
80,0.5154289,0.2,"TC",22.6798376289026
100,0.5154289,0.2,"TC",13.7363000224077
76,0.48657165,0.2,"TC",21.1074395030478
104,0.48657165,0.2,"TC",12.1099036227836
90,0.4461715,0.2,"TC",18.8381477227274
90,0.5269718,0.2,"TC",18.860957956937
90,0.48657165,0.2,"TC",20.3410336592831
80,0.4577144,0.2,"TC",15.9940355023259
100,0.4577144,0.2,"TC",17.3552897378336
80,0.5154289,0.2,"TC",18.4850801560192
100,0.5154289,0.2,"TC",17.4360001414657
76,0.48657165,0.2,"TC",16.1607060833368
104,0.48657165,0.2,"TC",20.0012081258449
90,0.4461715,0.2,"TC",14.717846294001
90,0.5269718,0.2,"TC",18.4963567782853
90,0.48657165,0.2,"TC",14.4174566243366
80,0.4577144,0.2,"TC",18.0549532572331
100,0.4577144,0.2,"TC",14.8855063101654
80,0.5154289,0.2,"TC",20.4742184579442
100,0.5154289,0.2,"TC",17.6025995731301
76,0.48657165,0.2,"TC",21.4263082152814
104,0.48657165,0.2,"TC",15.6378762352166
90,0.4461715,0.2,"TC",15.8665382006533
90,0.5269718,0.2,"TC",14.200408084664
90,0.48657165,0.2,"TC",16.9687335738644
80,0.4577144,0.2,"TC",19.0304768547942
100,0.4577144,0.2,"TC",19.426293870512
80,0.5154289,0.2,"TC",19.8007548716018
100,0.5154289,0.2,"TC",16.7712807999917
76,0.48657165,0.2,"TC",20.6907005870309
104,0.48657165,0.2,"TC",15.5149726224282
90,0.4461715,0.2,"TC",18.4539955997568
90,0.5269718,0.2,"TC",10.1816495315332
90,0.48657165,0.2,"TC",16.3025227815833
80,0.4577144,0.2,"TC",15.9233844815136
100,0.4577144,0.2,"TC",15.4035596156615
80,0.5154289,0.2,"TC",14.6599224436442
100,0.5154289,0.2,"TC",19.7348870131432
76,0.48657165,0.2,"TC",19.3611147189524
104,0.48657165,0.2,"TC",19.8998329722495
90,0.4461715,0.2,"TC",13.6930663812595
90,0.5269718,0.2,"TC",20.483963298605
90,0.48657165,0.2,"TC",16.6190502495068
80,0.4577144,0.2,"TC",16.5694923258448
100,0.4577144,0.2,"TC",16.9253200268772
80,0.5154289,0.2,"TC",16.0472843066001
100,0.5154289,0.2,"TC",14.9220719839917
76,0.48657165,0.2,"TC",14.8009658886122
104,0.48657165,0.2,"TC",19.7581384420806
90,0.4461715,0.2,"TC",21.4410916444945
90,0.5269718,0.2,"TC",18.1273542973944
90,0.48657165,0.2,"TC",20.0608299193357
80,0.4577144,0.2,"TC",19.9868833999897
100,0.4577144,0.2,"TC",14.7458240072398
80,0.5154289,0.2,"TC",15.8613096520801
100,0.5154289,0.2,"TC",20.8922554876566
76,0.48657165,0.2,"TC",17.0188224291884
104,0.48657165,0.2,"TC",18.8764444361634
90,0.4461715,0.2,"TC",16.9583539898752
90,0.5269718,0.2,"TC",18.1782476633199
90,0.48657165,0.2,"TC",20.5084664605222
80,0.4577144,0.2,"TC",16.6614400016986
100,0.4577144,0.2,"TC",19.0769135058062
80,0.5154289,0.2,"TC",20.806525701077
100,0.5154289,0.2,"TC",16.5728755913711
76,0.48657165,0.2,"TC",18.6029370899654
104,0.48657165,0.2,"TC",18.4099632847995
90,0.4461715,0.2,"TC",17.9097965850853
90,0.5269718,0.2,"TC",15.6355264201403
90,0.48657165,0.2,"TC",10.4202155758149
80,0.4577144,0.2,"TC",18.972268199676
100,0.4577144,0.2,"TC",15.5048610791081
80,0.5154289,0.2,"TC",11.9376488179962
100,0.5154289,0.2,"TC",17.350242139593
76,0.48657165,0.2,"TC",18.3522621809075
104,0.48657165,0.2,"TC",21.0282613792325
90,0.4461715,0.2,"TC",17.707329542905
90,0.5269718,0.2,"TC",16.0104159674295
90,0.48657165,0.2,"TC",16.5425127664956
80,0.4577144,0.2,"TC",18.2139068721501
100,0.4577144,0.2,"TC",18.8829383583142
80,0.5154289,0.2,"TC",17.8005939434132
100,0.5154289,0.2,"TC",17.4317094609894
76,0.48657165,0.2,"TC",15.9951635004103
104,0.48657165,0.2,"TC",10.2469628141048
90,0.4461715,0.2,"TC",16.2262718297441
90,0.5269718,0.2,"TC",15.6367516831661
90,0.48657165,0.2,"TC",18.020383105043
80,0.4577144,0.2,"TC",17.4742425937829
100,0.4577144,0.2,"TC",15.8639497117596
80,0.5154289,0.2,"TC",16.825942244384
100,0.5154289,0.2,"TC",20.8468300588052
76,0.48657165,0.2,"TC",18.6153415145077
104,0.48657165,0.2,"TC",15.8321851755698
90,0.4461715,0.2,"TC",20.7090669414358
90,0.5269718,0.2,"TC",16.2937531176278
90,0.48657165,0.2,"TC",15.2571692831004
80,0.4577144,0.2,"TC",19.9719806238348
100,0.4577144,0.2,"TC",17.1837959211278
80,0.5154289,0.2,"TC",13.9152676885893
100,0.5154289,0.2,"TC",23.5537191575804
76,0.48657165,0.2,"TC",15.0593621514905
104,0.48657165,0.2,"TC",16.9548168555871
90,0.4461715,0.2,"TC",23.5867909097523
90,0.5269718,0.2,"TC",12.2727795166414
90,0.48657165,0.2,"TC",17.5304935003415
80,0.4577144,0.2,"TC",18.0584868639799
100,0.4577144,0.2,"TC",22.8094361101328
80,0.5154289,0.2,"TC",17.5382966776017
100,0.5154289,0.2,"TC",15.4834492246651
76,0.48657165,0.2,"TC",14.5957200238301
104,0.48657165,0.2,"TC",16.4178122613536
90,0.4461715,0.2,"TC",15.0339500098819
90,0.5269718,0.2,"TC",15.1319019627491
90,0.48657165,0.2,"TC",18.939954409087
80,0.4577144,0.2,"TC",20.1425617582245
100,0.4577144,0.2,"TC",17.5927119768327
80,0.5154289,0.2,"TC",17.3266288806494
100,0.5154289,0.2,"TC",18.7230332908046
76,0.48657165,0.2,"TC",22.2613291352088
104,0.48657165,0.2,"TC",17.8574751002351
90,0.4461715,0.2,"TC",14.7272451919694
90,0.5269718,0.2,"TC",24.2116917348938
90,0.48657165,0.2,"TC",21.7506140058944
80,0.4577144,0.2,"TC",17.4927242122865
100,0.4577144,0.2,"TC",19.819686847397
80,0.5154289,0.2,"TC",15.4482028233048
100,0.5154289,0.2,"TC",18.4514395134901
76,0.48657165,0.2,"TC",17.9237881751682
104,0.48657165,0.2,"TC",19.0191579515765
90,0.4461715,0.2,"TC",18.5994737172415
90,0.5269718,0.2,"TC",17.951308282263
90,0.48657165,0.2,"TC",15.874322856046
80,0.4577144,0.2,"TC",19.6632133824233
100,0.4577144,0.2,"TC",21.9570250422499
80,0.5154289,0.2,"TC",16.273571535345
100,0.5154289,0.2,"TC",15.1843608105042
76,0.48657165,0.2,"TC",18.4104893305847
104,0.48657165,0.2,"TC",14.5875437480003
90,0.4461715,0.2,"TC",13.5170267290602
90,0.5269718,0.2,"TC",15.533240636147
90,0.48657165,0.2,"TC",15.4732396483368
80,0.4577144,0.2,"TC",18.0405696046459
100,0.4577144,0.2,"TC",13.4129998873748
80,0.5154289,0.2,"TC",15.6351485412647
100,0.5154289,0.2,"TC",23.6993645621617
76,0.48657165,0.2,"TC",14.171159048956
104,0.48657165,0.2,"TC",14.1457995464645
90,0.4461715,0.2,"TC",21.7673617947134
90,0.5269718,0.2,"TC",13.1490386264901
90,0.48657165,0.2,"TC",13.9274861252352
80,0.4577144,0.2,"TC",15.6149477594851
100,0.4577144,0.2,"TC",12.8246722441586
80,0.5154289,0.2,"TC",15.3693630992535
100,0.5154289,0.2,"TC",17.3295587090608
76,0.48657165,0.2,"TC",13.3741479945575
104,0.48657165,0.2,"TC",22.4728701952513
90,0.4461715,0.2,"TC",25.1965151012724
90,0.5269718,0.2,"TC",12.485250662062
90,0.48657165,0.2,"TC",15.4628723115332
80,0.4577144,0.2,"TC",15.2957417493358
100,0.4577144,0.2,"TC",17.4951216684537
80,0.5154289,0.2,"TC",14.8571284668316
100,0.5154289,0.2,"TC",20.000036791743
76,0.48657165,0.2,"TC",14.4812331373226
104,0.48657165,0.2,"TC",14.5189588753887
90,0.4461715,0.2,"TC",24.1314740764944
90,0.5269718,0.2,"TC",18.7076009062221
90,0.48657165,0.2,"TC",18.3366897525233
80,0.4577144,0.2,"TC",16.4980946046104
100,0.4577144,0.2,"TC",20.3194447510005
80,0.5154289,0.2,"TC",17.9155034181823
100,0.5154289,0.2,"TC",22.729722391329
76,0.48657165,0.2,"TC",21.9504657274305
104,0.48657165,0.2,"TC",15.9445089842658
90,0.4461715,0.2,"TC",15.1730530511505
90,0.5269718,0.2,"TC",14.8887525045738
90,0.48657165,0.2,"TC",20.6578275390154
80,0.4577144,0.2,"TC",16.1245450228763
100,0.4577144,0.2,"TC",11.6630225151292
80,0.5154289,0.2,"TC",18.4729405523925
100,0.5154289,0.2,"TC",14.5867850412595
76,0.48657165,0.2,"TC",12.5905517961299
104,0.48657165,0.2,"TC",21.6134181611604
90,0.4461715,0.2,"TC",15.249487176969
90,0.5269718,0.2,"TC",19.0341740725751
90,0.48657165,0.2,"TC",18.9031567444049
80,0.4577144,0.2,"TC",19.3787038297753
100,0.4577144,0.2,"TC",15.7899609450882
80,0.5154289,0.2,"TC",15.3256847854191
100,0.5154289,0.2,"TC",14.8042684685521
76,0.48657165,0.2,"TC",17.3399395071551
104,0.48657165,0.2,"TC",16.0828418817767
90,0.4461715,0.2,"TC",18.1215124800747
90,0.5269718,0.2,"TC",19.1095561064989
90,0.48657165,0.2,"TC",14.8151147708175
80,0.4577144,0.2,"TC",12.8679035438513
100,0.4577144,0.2,"TC",17.0935203579583
80,0.5154289,0.2,"TC",20.6248852710905
100,0.5154289,0.2,"TC",20.8866725756007
76,0.48657165,0.2,"TC",17.6322809324241
104,0.48657165,0.2,"TC",16.3961706003317
90,0.4461715,0.2,"TC",12.6207669109394
90,0.5269718,0.2,"TC",20.7695968013621
90,0.48657165,0.2,"TC",16.7757634991531
80,0.4577144,0.2,"TC",18.5566828846699
100,0.4577144,0.2,"TC",15.4159124474628
80,0.5154289,0.2,"TC",16.5587510537743
100,0.5154289,0.2,"TC",13.1004235143223
76,0.48657165,0.2,"TC",19.9295026781041
104,0.48657165,0.2,"TC",18.4578360850154
90,0.4461715,0.2,"TC",14.5819833002792
90,0.5269718,0.2,"TC",19.4204331617033
90,0.48657165,0.2,"TC",16.3029947901081
80,0.4577144,0.2,"TC",22.6055497088372
100,0.4577144,0.2,"TC",15.3891926847003
80,0.5154289,0.2,"TC",19.3803912661032
100,0.5154289,0.2,"TC",19.3651688163244
76,0.48657165,0.2,"TC",16.6173990838206
104,0.48657165,0.2,"TC",21.5456243405684
90,0.4461715,0.2,"TC",17.7356351974502
90,0.5269718,0.2,"TC",17.8333008132531
90,0.48657165,0.2,"TC",19.4177303337969
80,0.4577144,0.2,"TC",16.614858786875
100,0.4577144,0.2,"TC",14.5754705416848
80,0.5154289,0.2,"TC",15.0392231996476
100,0.5154289,0.2,"TC",15.0435467080922
76,0.48657165,0.2,"TC",14.4364103058439
104,0.48657165,0.2,"TC",17.961322570499
90,0.4461715,0.2,"TC",24.7451756892161
90,0.5269718,0.2,"TC",12.2429895460174
90,0.48657165,0.2,"TC",17.3559020010529
80,0.4577144,0.2,"TC",19.6595707931867
100,0.4577144,0.2,"TC",18.6666484465298
80,0.5154289,0.2,"TC",17.3713601719194
100,0.5154289,0.2,"TC",20.9822455806163
76,0.48657165,0.2,"TC",17.7694955506803
104,0.48657165,0.2,"TC",21.9340395848911
90,0.4461715,0.2,"TC",15.4084791771384
90,0.5269718,0.2,"TC",23.4016319272653
90,0.48657165,0.2,"TC",14.2046188084549
80,0.4577144,0.2,"TC",16.4854227860526
100,0.4577144,0.2,"TC",13.079883420453
80,0.5154289,0.2,"TC",21.8354758523557
100,0.5154289,0.2,"TC",14.4634267630478
76,0.48657165,0.2,"TC",16.2467779353327
104,0.48657165,0.2,"TC",15.6969937243498
90,0.4461715,0.2,"TC",20.0069588699615
90,0.5269718,0.2,"TC",17.0273879748678
90,0.48657165,0.2,"TC",18.5469980597877
80,0.4577144,0.2,"TC",18.3792592281434
100,0.4577144,0.2,"TC",16.3708237617214
80,0.5154289,0.2,"TC",18.5120032172095
100,0.5154289,0.2,"TC",13.5899377368565
76,0.48657165,0.2,"TC",20.7863135394825
104,0.48657165,0.2,"TC",23.7502099734302
90,0.4461715,0.2,"TC",11.6869611567778
90,0.5269718,0.2,"TC",17.3802407527253
90,0.48657165,0.2,"TC",9.39458212368739
80,0.4577144,0.2,"TC",21.3760909654217
100,0.4577144,0.2,"TC",17.0422300061371
80,0.5154289,0.2,"TC",20.5618558240248
100,0.5154289,0.2,"TC",19.752677652997
76,0.48657165,0.2,"TC",15.4713648153134
104,0.48657165,0.2,"TC",18.3423068173912
90,0.4461715,0.2,"TC",18.8224963133245
90,0.5269718,0.2,"TC",15.041068702991
90,0.48657165,0.2,"TC",12.6932296099893
80,0.4577144,0.2,"TC",17.6813443936735
100,0.4577144,0.2,"TC",17.5619148745863
80,0.5154289,0.2,"TC",20.7232316896579
100,0.5154289,0.2,"TC",15.6477280533132
76,0.48657165,0.2,"TC",13.2647281552882
104,0.48657165,0.2,"TC",18.0735642227998
90,0.4461715,0.2,"TC",17.7312827223282
90,0.5269718,0.2,"TC",16.9504088894977
90,0.48657165,0.2,"TC",18.7449739126442
80,0.4577144,0.2,"TC",18.044164566805
100,0.4577144,0.2,"TC",22.4585883370749
80,0.5154289,0.2,"TC",17.6436741196027
100,0.5154289,0.2,"TC",12.7775944161818
76,0.48657165,0.2,"TC",20.3735397474355
104,0.48657165,0.2,"TC",15.7230546907455
90,0.4461715,0.2,"TC",17.0162389339405
90,0.5269718,0.2,"TC",14.2967860069916
90,0.48657165,0.2,"TC",18.3912243908045
80,0.4577144,0.2,"TC",18.3596881548502
100,0.4577144,0.2,"TC",18.965462394036
80,0.5154289,0.2,"TC",19.8986645783813
100,0.5154289,0.2,"TC",16.8438946739732
76,0.48657165,0.2,"TC",16.5811994392441
104,0.48657165,0.2,"TC",15.2332237178433
90,0.4461715,0.2,"TC",16.3449249511087
90,0.5269718,0.2,"TC",14.3597633425091
90,0.48657165,0.2,"TC",21.2658856071385
80,0.4577144,0.2,"TC",17.4322402218319
100,0.4577144,0.2,"TC",17.9445764942055
80,0.5154289,0.2,"TC",17.5143620699666
100,0.5154289,0.2,"TC",20.1284770500417
76,0.48657165,0.2,"TC",16.9276241375374
104,0.48657165,0.2,"TC",23.1991188404822
90,0.4461715,0.2,"TC",16.7356832902731
90,0.5269718,0.2,"TC",20.9556859527252
90,0.48657165,0.2,"TC",20.3630450813022
80,0.4577144,0.2,"TC",17.1662531619498
100,0.4577144,0.2,"TC",15.3954844356508
80,0.5154289,0.2,"TC",19.7551075854277
100,0.5154289,0.2,"TC",20.8716468475754
76,0.48657165,0.2,"TC",19.5216822345022
104,0.48657165,0.2,"TC",21.2481488740128
90,0.4461715,0.2,"TC",25.7257551910439
90,0.5269718,0.2,"TC",17.2410147782019
90,0.48657165,0.2,"TC",10.762450777255
80,0.4577144,0.2,"TC",18.0441914092982
100,0.4577144,0.2,"TC",21.7539742099861
80,0.5154289,0.2,"TC",13.8505061717694
100,0.5154289,0.2,"TC",21.0996814007348
76,0.48657165,0.2,"TC",20.3025605590592
104,0.48657165,0.2,"TC",10.7255781167932
90,0.4461715,0.2,"TC",17.9830994599448
90,0.5269718,0.2,"TC",22.3777698234786
90,0.48657165,0.2,"TC",13.4114978427128
80,0.4577144,0.2,"TC",17.1315691810499
100,0.4577144,0.2,"TC",17.3584403900824
80,0.5154289,0.2,"TC",15.9100927554888
100,0.5154289,0.2,"TC",15.8537908605961
76,0.48657165,0.2,"TC",16.8568517202139
104,0.48657165,0.2,"TC",20.8662928875774
90,0.4461715,0.2,"TC",25.6235471960525
90,0.5269718,0.2,"TC",20.03733171107
90,0.48657165,0.2,"TC",10.5817079936829
80,0.4577144,0.2,"TC",10.7212044411492
100,0.4577144,0.2,"TC",18.3713410952308
80,0.5154289,0.2,"TC",13.1878392099686
100,0.5154289,0.2,"TC",18.2439122980975
76,0.48657165,0.2,"TC",15.2977822436653
104,0.48657165,0.2,"TC",16.3237988270656
90,0.4461715,0.2,"TC",19.7672895703596
90,0.5269718,0.2,"TC",16.7884205953464
90,0.48657165,0.2,"TC",17.8837523255345
80,0.4577144,0.2,"TC",17.7951306823249
100,0.4577144,0.2,"TC",19.8464917907245
80,0.5154289,0.2,"TC",19.333627157396
100,0.5154289,0.2,"TC",19.0389521624469
76,0.48657165,0.2,"TC",17.6249943740093
104,0.48657165,0.2,"TC",17.5270744934665
90,0.4461715,0.2,"TC",18.4440858950135
90,0.5269718,0.2,"TC",17.6799680270195
90,0.48657165,0.2,"TC",14.5827471385579
80,0.4577144,0.2,"TC",12.3315150070415
100,0.4577144,0.2,"TC",24.6014409675754
80,0.5154289,0.2,"TC",19.6104043580279
100,0.5154289,0.2,"TC",17.4430342843128
76,0.48657165,0.2,"TC",13.1021347949837
104,0.48657165,0.2,"TC",18.4441484545579
90,0.4461715,0.2,"TC",11.5293141410024
90,0.5269718,0.2,"TC",13.8403699912273
90,0.48657165,0.2,"TC",20.6855678203531
80,0.4577144,0.2,"TC",17.8877539220996
100,0.4577144,0.2,"TC",27.9624114654951
80,0.5154289,0.2,"TC",15.6368587629592
100,0.5154289,0.2,"TC",16.0368853833513
76,0.48657165,0.2,"TC",16.5930292893104
104,0.48657165,0.2,"TC",16.3488358917615
90,0.4461715,0.2,"TC",15.5237952768742
90,0.5269718,0.2,"TC",15.2548720587474
90,0.48657165,0.2,"TC",15.4213359550377
80,0.4577144,0.2,"TC",16.1517877378479
100,0.4577144,0.2,"TC",19.0015330420473
80,0.5154289,0.2,"TC",18.3863435711111
100,0.5154289,0.2,"TC",18.4492408764293
76,0.48657165,0.2,"TC",16.7096021243695
104,0.48657165,0.2,"TC",16.1189658103696
90,0.4461715,0.2,"TC",13.1343899460493
90,0.5269718,0.2,"TC",16.5575526572868
90,0.48657165,0.2,"TC",21.9548209552552
80,0.4577144,0.2,"TC",17.579039488551
100,0.4577144,0.2,"TC",19.9496206896282
80,0.5154289,0.2,"TC",13.7525564137096
100,0.5154289,0.2,"TC",11.1909590527126
76,0.48657165,0.2,"TC",12.8186598410403
104,0.48657165,0.2,"TC",18.0461552643061
90,0.4461715,0.2,"TC",16.0788020314144
90,0.5269718,0.2,"TC",18.1769263365262
90,0.48657165,0.2,"TC",23.5652527182629
80,0.4577144,0.2,"TC",13.6725743288466
100,0.4577144,0.2,"TC",18.9384620848506
80,0.5154289,0.2,"TC",16.081221075339
100,0.5154289,0.2,"TC",21.2304920807116
76,0.48657165,0.2,"TC",14.3283621535116
104,0.48657165,0.2,"TC",17.6489014006023
90,0.4461715,0.2,"TC",21.8974041798185
90,0.5269718,0.2,"TC",18.4623548013391
90,0.48657165,0.2,"TC",14.4418892753369
80,0.4577144,0.2,"TC",16.3840653665376
100,0.4577144,0.2,"TC",18.5991619949134
80,0.5154289,0.2,"TC",18.6430711692718
100,0.5154289,0.2,"TC",17.5687195989682
76,0.48657165,0.2,"TC",16.5482602121602
104,0.48657165,0.2,"TC",17.2886549192915
90,0.4461715,0.2,"TC",17.0406437594703
90,0.5269718,0.2,"TC",12.8498528100308
90,0.48657165,0.2,"TC",21.3623590392218
80,0.4577144,0.2,"TC",13.8289864246099
100,0.4577144,0.2,"TC",13.7323956377732
80,0.5154289,0.2,"TC",18.2679952305494
100,0.5154289,0.2,"TC",16.8485663361082
76,0.48657165,0.2,"TC",17.9811101867722
104,0.48657165,0.2,"TC",21.7326417357851
90,0.4461715,0.2,"TC",22.3018201617678
90,0.5269718,0.2,"TC",11.7991820761351
90,0.48657165,0.2,"TC",12.3797699232058
80,0.4577144,0.2,"TC",17.8087108251899
100,0.4577144,0.2,"TC",19.5943838480569
80,0.5154289,0.2,"TC",20.5954423224206
100,0.5154289,0.2,"TC",17.3403169241977
76,0.48657165,0.2,"TC",16.6758413577115
104,0.48657165,0.2,"TC",16.8219076718638
90,0.4461715,0.2,"TC",19.4378134554649
90,0.5269718,0.2,"TC",15.2340213041194
90,0.48657165,0.2,"TC",20.3254052180741
80,0.4577144,0.2,"TC",21.6044617942847
100,0.4577144,0.2,"TC",18.5044679246839
80,0.5154289,0.2,"TC",10.3762192005127
100,0.5154289,0.2,"TC",19.6467599169344
76,0.48657165,0.2,"TC",22.5192882807171
104,0.48657165,0.2,"TC",19.0901396374726
90,0.4461715,0.2,"TC",18.3008581472951
90,0.5269718,0.2,"TC",11.1936382988434
90,0.48657165,0.2,"TC",18.2496343294664
80,0.4577144,0.2,"TC",17.0573384250304
100,0.4577144,0.2,"TC",21.2779246233175
80,0.5154289,0.2,"TC",17.704916183448
100,0.5154289,0.2,"TC",11.0229115321005
76,0.48657165,0.2,"TC",16.9230614453388
104,0.48657165,0.2,"TC",21.87401063002
90,0.4461715,0.2,"TC",13.3331941283652
90,0.5269718,0.2,"TC",17.5118348913203
90,0.48657165,0.2,"TC",17.6952431795591
80,0.4577144,0.2,"TC",11.124221723442
100,0.4577144,0.2,"TC",19.3875688418735
80,0.5154289,0.2,"TC",15.9182896257355
100,0.5154289,0.2,"TC",20.5661350846083
76,0.48657165,0.2,"TC",12.0410862188568
104,0.48657165,0.2,"TC",17.7662854151013
90,0.4461715,0.2,"TC",18.7984084637162
90,0.5269718,0.2,"TC",12.2215596122359
90,0.48657165,0.2,"TC",15.4962192564452
80,0.4577144,0.2,"TC",17.3743457807007
100,0.4577144,0.2,"TC",19.9188641330019
80,0.5154289,0.2,"TC",14.7284440087396
100,0.5154289,0.2,"TC",17.4156368499777
76,0.48657165,0.2,"TC",18.4629418317779
104,0.48657165,0.2,"TC",14.6438944632421
90,0.4461715,0.2,"TC",17.8785993839496
90,0.5269718,0.2,"TC",20.3440971140228
90,0.48657165,0.2,"TC",17.4395890661775
80,0.4577144,0.2,"TC",19.2760631122254
100,0.4577144,0.2,"TC",15.9953056498274
80,0.5154289,0.2,"TC",17.703467402607
100,0.5154289,0.2,"TC",15.4752678456387
76,0.48657165,0.2,"TC",18.5483295656656
104,0.48657165,0.2,"TC",15.9172183101834
90,0.4461715,0.2,"TC",17.7301544276817
90,0.5269718,0.2,"TC",17.1817229299632
90,0.48657165,0.2,"TC",13.5814972640113
80,0.4577144,0.2,"TC",14.7054417460221
100,0.4577144,0.2,"TC",15.0551677563546
80,0.5154289,0.2,"TC",15.4221301847925
100,0.5154289,0.2,"TC",19.8814384787688
76,0.48657165,0.2,"TC",17.1777382048215
104,0.48657165,0.2,"TC",14.2505638161581
90,0.4461715,0.2,"TC",16.3955254420416
90,0.5269718,0.2,"TC",14.814015574424
90,0.48657165,0.2,"TC",20.5293275650843
80,0.4577144,0.2,"TC",17.5473890400572
100,0.4577144,0.2,"TC",21.199002163024
80,0.5154289,0.2,"TC",19.5946618393273
100,0.5154289,0.2,"TC",18.1765962591247
76,0.48657165,0.2,"TC",22.2717533242328
104,0.48657165,0.2,"TC",18.809070264916
90,0.4461715,0.2,"TC",18.8713308570618
90,0.5269718,0.2,"TC",17.0570638697413
90,0.48657165,0.2,"TC",19.4654802151621
80,0.4577144,0.2,"TC",22.8804670501198
100,0.4577144,0.2,"TC",19.946824712323
80,0.5154289,0.2,"TC",17.1783980620257
100,0.5154289,0.2,"TC",20.5577239277099
76,0.48657165,0.2,"TC",19.989544442009
104,0.48657165,0.2,"TC",17.6755219734806
90,0.4461715,0.2,"TC",20.484299028837
90,0.5269718,0.2,"TC",16.3207598759397
90,0.48657165,0.2,"TC",19.8995805669235
80,0.4577144,0.2,"TC",15.9613865460976
100,0.4577144,0.2,"TC",16.0034942352835
80,0.5154289,0.2,"TC",15.602882610284
100,0.5154289,0.2,"TC",16.2547738161264
76,0.48657165,0.2,"TC",13.4895976306228
104,0.48657165,0.2,"TC",14.3861514106983
90,0.4461715,0.2,"TC",13.8885391750885
90,0.5269718,0.2,"TC",21.6664035017471
90,0.48657165,0.2,"TC",15.7977259311388
80,0.4577144,0.2,"TC",15.9446626452847
100,0.4577144,0.2,"TC",16.8643034094109
80,0.5154289,0.2,"TC",14.197227170492
100,0.5154289,0.2,"TC",19.0950715325493
76,0.48657165,0.2,"TC",21.2087309452294
104,0.48657165,0.2,"TC",19.8118255491024
90,0.4461715,0.2,"TC",16.1102107565401
90,0.5269718,0.2,"TC",19.5296662466708
90,0.48657165,0.2,"TC",21.5922008243685
80,0.4577144,0.2,"TC",21.4708089185504
100,0.4577144,0.2,"TC",17.9177851932874
80,0.5154289,0.2,"TC",11.8258867485608
100,0.5154289,0.2,"TC",17.0594819477349
76,0.48657165,0.2,"TC",19.6958339523492
104,0.48657165,0.2,"TC",15.8336332108603
90,0.4461715,0.2,"TC",23.9564280127234
90,0.5269718,0.2,"TC",16.2143722204823
90,0.48657165,0.2,"TC",18.3546417170134
80,0.4577144,0.2,"TC",13.3063988796264
100,0.4577144,0.2,"TC",18.1148305880371
80,0.5154289,0.2,"TC",16.3311888916041
100,0.5154289,0.2,"TC",13.2080991419112
76,0.48657165,0.2,"TC",11.7104188157201
104,0.48657165,0.2,"TC",15.6996693522707
90,0.4461715,0.2,"TC",18.1233839227475
90,0.5269718,0.2,"TC",18.2548227088833
90,0.48657165,0.2,"TC",19.0744294903672
80,0.4577144,0.2,"TC",15.0966545939127
100,0.4577144,0.2,"TC",17.3267712303088
80,0.5154289,0.2,"TC",17.7649000745043
100,0.5154289,0.2,"TC",20.1217109013599
76,0.48657165,0.2,"TC",11.4629903120479
104,0.48657165,0.2,"TC",23.3468153394952
90,0.4461715,0.2,"TC",18.1032708565074
90,0.5269718,0.2,"TC",23.2170136363686
90,0.48657165,0.2,"TC",22.0733063485398
80,0.4577144,0.2,"TC",17.2664469950469
100,0.4577144,0.2,"TC",14.3851665382987
80,0.5154289,0.2,"TC",20.7119265548966
100,0.5154289,0.2,"TC",13.7169111953954
76,0.48657165,0.2,"TC",16.5650391489547
104,0.48657165,0.2,"TC",17.9204153355237
90,0.4461715,0.2,"TC",19.4801389365836
90,0.5269718,0.2,"TC",11.4388946390059
90,0.48657165,0.2,"TC",13.9168274069281
80,0.4577144,0.2,"TC",21.1104275180431
100,0.4577144,0.2,"TC",13.9907043768446
80,0.5154289,0.2,"TC",14.5732233088785
100,0.5154289,0.2,"TC",20.7231140672259
76,0.48657165,0.2,"TC",15.3225056035473
104,0.48657165,0.2,"TC",22.3444049477292
90,0.4461715,0.2,"TC",19.7836634578135
90,0.5269718,0.2,"TC",18.9276355680346
90,0.48657165,0.2,"TC",17.6017688624231
80,0.4577144,0.2,"TC",20.1581638184246
100,0.4577144,0.2,"TC",23.4059735140669
80,0.5154289,0.2,"TC",14.3514352805324
100,0.5154289,0.2,"TC",16.1246671498672
76,0.48657165,0.2,"TC",22.8314662058419
104,0.48657165,0.2,"TC",20.3684472623253
90,0.4461715,0.2,"TC",14.7094535510198
90,0.5269718,0.2,"TC",10.544868519699
90,0.48657165,0.2,"TC",19.4841745850551
80,0.4577144,0.2,"TC",16.2508344053463
100,0.4577144,0.2,"TC",19.432954510015
80,0.5154289,0.2,"TC",21.8360315866695
100,0.5154289,0.2,"TC",19.8525440094229
76,0.48657165,0.2,"TC",20.6428015903692
104,0.48657165,0.2,"TC",21.4097016856406
90,0.4461715,0.2,"TC",18.9943303351041
90,0.5269718,0.2,"TC",20.232251845509
90,0.48657165,0.2,"TC",14.8984842356245
80,0.4577144,0.2,"TC",20.4559136749424
100,0.4577144,0.2,"TC",18.9071996961554
80,0.5154289,0.2,"TC",19.5849507287697
100,0.5154289,0.2,"TC",16.3172150398419
76,0.48657165,0.2,"TC",15.4470158618327
104,0.48657165,0.2,"TC",17.0349986385145
90,0.4461715,0.2,"TC",21.0958987338021
90,0.5269718,0.2,"TC",16.1728758191935
90,0.48657165,0.2,"TC",17.72208477295
80,0.4577144,0.2,"TC",22.4823751505254
100,0.4577144,0.2,"TC",15.6477729480879
80,0.5154289,0.2,"TC",20.3027780068459
100,0.5154289,0.2,"TC",19.7011535597075
76,0.48657165,0.2,"TC",20.0733699256999
104,0.48657165,0.2,"TC",19.8995338060608
90,0.4461715,0.2,"TC",15.5615226786244
90,0.5269718,0.2,"TC",19.5714996564274
90,0.48657165,0.2,"TC",18.1631224223182
80,0.4577144,0.2,"TC",14.1372438974423
100,0.4577144,0.2,"TC",16.5064534137275
80,0.5154289,0.2,"TC",19.6569207426899
100,0.5154289,0.2,"TC",17.9525156492362
76,0.48657165,0.2,"TC",17.629825567322
104,0.48657165,0.2,"TC",22.4804972651438
90,0.4461715,0.2,"TC",19.1212624220447
90,0.5269718,0.2,"TC",14.2739462480488
90,0.48657165,0.2,"TC",14.6061449525178
80,0.4577144,0.2,"TC",16.2442475100891
100,0.4577144,0.2,"TC",15.7794308040743
80,0.5154289,0.2,"TC",15.3704808510236
100,0.5154289,0.2,"TC",20.4574419245451
76,0.48657165,0.2,"TC",16.4917622074231
104,0.48657165,0.2,"TC",18.3615092734222
90,0.4461715,0.2,"TC",21.7846442151637
90,0.5269718,0.2,"TC",10.5986160143058
90,0.48657165,0.2,"TC",17.2281780445672
80,0.4577144,0.2,"TC",14.0861211791738
100,0.4577144,0.2,"TC",14.1022024653195
80,0.5154289,0.2,"TC",13.6544932175681
100,0.5154289,0.2,"TC",18.1704444313845
76,0.48657165,0.2,"TC",18.534416659768
104,0.48657165,0.2,"TC",19.2955480471206
90,0.4461715,0.2,"TC",20.720632150362
90,0.5269718,0.2,"TC",15.6352858772384
90,0.48657165,0.2,"TC",19.5908978804448
80,0.4577144,0.2,"TC",17.0081219840928
100,0.4577144,0.2,"TC",12.0346479992619
80,0.5154289,0.2,"TC",18.6020354169884
100,0.5154289,0.2,"TC",18.1326033579146
76,0.48657165,0.2,"TC",16.867495655909
104,0.48657165,0.2,"TC",16.377407833727
90,0.4461715,0.2,"TC",20.7558835640039
90,0.5269718,0.2,"TC",16.8257442579804
90,0.48657165,0.2,"TC",15.0757299479874
80,0.4577144,0.2,"TC",18.1178828911538
100,0.4577144,0.2,"TC",17.3339945415224
80,0.5154289,0.2,"TC",13.040894072406
100,0.5154289,0.2,"TC",13.6245875894764
76,0.48657165,0.2,"TC",18.8140949608241
104,0.48657165,0.2,"TC",14.5441234180579
90,0.4461715,0.2,"TC",18.2685854338213
90,0.5269718,0.2,"TC",16.8210635522818
90,0.48657165,0.2,"TC",17.1247067532669
80,0.4577144,0.2,"TC",22.3942429512872
100,0.4577144,0.2,"TC",11.9564442231496
80,0.5154289,0.2,"TC",17.7470316906934
100,0.5154289,0.2,"TC",22.3712406074984
76,0.48657165,0.2,"TC",16.0775997394419
104,0.48657165,0.2,"TC",12.9936329716973
90,0.4461715,0.2,"TC",15.5350367878313
90,0.5269718,0.2,"TC",20.1155853181956
90,0.48657165,0.2,"TC",18.8708634338971
80,0.4577144,0.2,"TC",16.1119927742359
100,0.4577144,0.2,"TC",17.117545630474
80,0.5154289,0.2,"TC",14.8804802065171
100,0.5154289,0.2,"TC",10.5250854110483
76,0.48657165,0.2,"TC",16.4827143923767
104,0.48657165,0.2,"TC",18.8900941451481
90,0.4461715,0.2,"TC",15.4602440897872
90,0.5269718,0.2,"TC",18.934597427804
90,0.48657165,0.2,"TC",12.2395728886756
80,0.4577144,0.2,"TC",18.2167393408262
100,0.4577144,0.2,"TC",19.8990694068618
80,0.5154289,0.2,"TC",19.5908979119308
100,0.5154289,0.2,"TC",13.7967461902812
76,0.48657165,0.2,"TC",20.5650224576991
104,0.48657165,0.2,"TC",12.1868572856963
90,0.4461715,0.2,"TC",16.8194183565753
90,0.5269718,0.2,"TC",12.3912483176465
90,0.48657165,0.2,"TC",12.074475363515
80,0.4577144,0.2,"TC",20.2480079367661
100,0.4577144,0.2,"TC",17.5915356829741
80,0.5154289,0.2,"TC",13.9397540855914
100,0.5154289,0.2,"TC",9.15606611550165
76,0.48657165,0.2,"TC",14.5936455596539
104,0.48657165,0.2,"TC",20.7148747823661
90,0.4461715,0.2,"TC",17.7971328264361
90,0.5269718,0.2,"TC",15.7683430398098
90,0.48657165,0.2,"TC",16.8914427623191
80,0.4577144,0.2,"TC",20.8341493358845
100,0.4577144,0.2,"TC",21.6973394717835
80,0.5154289,0.2,"TC",20.5050519977484
100,0.5154289,0.2,"TC",13.2538610563009
76,0.48657165,0.2,"TC",19.8401459277673
104,0.48657165,0.2,"TC",16.1723325720113
90,0.4461715,0.2,"TC",20.8241084793328
90,0.5269718,0.2,"TC",21.0579414834069
90,0.48657165,0.2,"TC",17.7023581143611
80,0.4577144,0.2,"TC",23.4301471200369
100,0.4577144,0.2,"TC",23.0224681183177
80,0.5154289,0.2,"TC",17.196545467314
100,0.5154289,0.2,"TC",18.8270319335832
76,0.48657165,0.2,"TC",18.63716026821
104,0.48657165,0.2,"TC",19.9878959298094
90,0.4461715,0.2,"TC",15.9606116722831
90,0.5269718,0.2,"TC",17.9085298009309
90,0.48657165,0.2,"TC",16.0527333248407
80,0.4577144,0.2,"TC",20.983030780726
100,0.4577144,0.2,"TC",19.5960941485601
80,0.5154289,0.2,"TC",20.4770545638507
100,0.5154289,0.2,"TC",16.6835984254209
76,0.48657165,0.2,"TC",16.5559579379925
104,0.48657165,0.2,"TC",12.1004283096956
90,0.4461715,0.2,"TC",25.4638201707458
90,0.5269718,0.2,"TC",18.7320821266776
90,0.48657165,0.2,"TC",19.8239696494395
80,0.4577144,0.2,"TC",19.0819854164219
100,0.4577144,0.2,"TC",19.215311775005
80,0.5154289,0.2,"TC",10.9750674676247
100,0.5154289,0.2,"TC",13.5943722071489
76,0.48657165,0.2,"TC",12.8498683645413
104,0.48657165,0.2,"TC",17.4740820217308
90,0.4461715,0.2,"TC",15.448555740775
90,0.5269718,0.2,"TC",17.1737794427156
90,0.48657165,0.2,"TC",17.7361863183562
80,0.4577144,0.2,"TC",18.9870155925682
100,0.4577144,0.2,"TC",13.9556561277055
80,0.5154289,0.2,"TC",12.138435813517
100,0.5154289,0.2,"TC",19.2576903675061
76,0.48657165,0.2,"TC",20.4517727103521
104,0.48657165,0.2,"TC",18.797576730487
90,0.4461715,0.2,"TC",17.0688066478584
90,0.5269718,0.2,"TC",16.1513987928619
90,0.48657165,0.2,"TC",12.7154458820851
80,0.4577144,0.2,"TC",14.9265817812757
100,0.4577144,0.2,"TC",18.2463859111411
80,0.5154289,0.2,"TC",20.9318182302832
100,0.5154289,0.2,"TC",19.1178342607981
76,0.48657165,0.2,"TC",16.5379546215575
104,0.48657165,0.2,"TC",17.9674356881268
90,0.4461715,0.2,"TC",13.332404496485
90,0.5269718,0.2,"TC",13.9785845885695
90,0.48657165,0.2,"TC",17.2578333388385
80,0.4577144,0.2,"TC",18.0348643820385
100,0.4577144,0.2,"TC",22.7322179735135
80,0.5154289,0.2,"TC",16.3114466260136
100,0.5154289,0.2,"TC",14.7508860193342
76,0.48657165,0.2,"TC",16.0434697792529
104,0.48657165,0.2,"TC",19.7784656436347
90,0.4461715,0.2,"TC",16.797706279557
90,0.5269718,0.2,"TC",15.6894127110402
90,0.48657165,0.2,"TC",20.5338403312088
80,0.4577144,0.2,"TC",15.5089133503506
100,0.4577144,0.2,"TC",16.5969935675646
80,0.5154289,0.2,"TC",16.6078433474099
100,0.5154289,0.2,"TC",18.9833836044053
76,0.48657165,0.2,"TC",20.8645274439053
104,0.48657165,0.2,"TC",16.3908786844593
90,0.4461715,0.2,"TC",17.7557500177052
90,0.5269718,0.2,"TC",15.0970546876584
90,0.48657165,0.2,"TC",21.3224902234684
80,0.4577144,0.2,"TC",16.5893218846369
100,0.4577144,0.2,"TC",17.085722489939
80,0.5154289,0.2,"TC",17.0568452585595
100,0.5154289,0.2,"TC",13.3958351086936
76,0.48657165,0.2,"TC",19.2848168083959
104,0.48657165,0.2,"TC",17.9681997613197
90,0.4461715,0.2,"TC",19.3575322292138
90,0.5269718,0.2,"TC",13.6848484889665
90,0.48657165,0.2,"TC",18.9884245370551
80,0.4577144,0.2,"TC",19.4245213883274
100,0.4577144,0.2,"TC",21.6530013071658
80,0.5154289,0.2,"TC",21.4173448288834
100,0.5154289,0.2,"TC",19.2853349512814
76,0.48657165,0.2,"TC",17.0032866886675
104,0.48657165,0.2,"TC",16.3376182714266
90,0.4461715,0.2,"TC",23.8877414378192
90,0.5269718,0.2,"TC",17.576526148931
90,0.48657165,0.2,"TC",12.3891112971457
80,0.4577144,0.2,"TC",13.9590062030777
100,0.4577144,0.2,"TC",21.4824547876011
80,0.5154289,0.2,"TC",11.1577673737084
100,0.5154289,0.2,"TC",14.5074027746354
76,0.48657165,0.2,"TC",21.6114158805216
104,0.48657165,0.2,"TC",23.0997358570285
90,0.4461715,0.2,"TC",15.7863097800836
90,0.5269718,0.2,"TC",14.7715882133468
90,0.48657165,0.2,"TC",21.7334162445502
80,0.4577144,0.2,"TC",19.0179387150156
100,0.4577144,0.2,"TC",17.3338189467419
80,0.5154289,0.2,"TC",14.4317291512888
100,0.5154289,0.2,"TC",17.9154125270374
76,0.48657165,0.2,"TC",16.0535556618418
104,0.48657165,0.2,"TC",18.2087472742436
90,0.4461715,0.2,"TC",17.846958739213
90,0.5269718,0.2,"TC",14.1527749424465
90,0.48657165,0.2,"TC",16.0197159941234
80,0.4577144,0.2,"TC",17.1957059657117
100,0.4577144,0.2,"TC",16.5983879790604
80,0.5154289,0.2,"TC",18.5492410321988
100,0.5154289,0.2,"TC",16.2039238396401
76,0.48657165,0.2,"TC",21.1921032652265
104,0.48657165,0.2,"TC",23.2229239149426
90,0.4461715,0.2,"TC",17.0637263123753
90,0.5269718,0.2,"TC",13.4351466155753
90,0.48657165,0.2,"TC",22.0238527753326
80,0.4577144,0.2,"TC",19.2524132716154
100,0.4577144,0.2,"TC",15.2860845101684
80,0.5154289,0.2,"TC",21.1065538192806
100,0.5154289,0.2,"TC",17.9421851592486
76,0.48657165,0.2,"TC",15.2094161768691
104,0.48657165,0.2,"TC",15.5545759116639
90,0.4461715,0.2,"TC",16.4175469808331
90,0.5269718,0.2,"TC",17.1934659923447
90,0.48657165,0.2,"TC",17.0538977325692
80,0.4577144,0.2,"TC",13.7335143555969
100,0.4577144,0.2,"TC",14.2347424404774
80,0.5154289,0.2,"TC",21.1721662394865
100,0.5154289,0.2,"TC",24.7547888376411
76,0.48657165,0.2,"TC",20.5154134602222
104,0.48657165,0.2,"TC",16.0225660723504
90,0.4461715,0.2,"TC",22.3262210486192
90,0.5269718,0.2,"TC",18.2756388046083
90,0.48657165,0.2,"TC",17.8405967138158
80,0.4577144,0.2,"TC",16.6756938580983
100,0.4577144,0.2,"TC",17.6426889578079
80,0.5154289,0.2,"TC",17.7147339496691
100,0.5154289,0.2,"TC",17.5022041741188
76,0.48657165,0.2,"TC",10.2858659269321
104,0.48657165,0.2,"TC",16.1468806882158
90,0.4461715,0.2,"TC",14.2074061028896
90,0.5269718,0.2,"TC",15.1111197068894
90,0.48657165,0.2,"TC",22.9360138099042
80,0.4577144,0.2,"TC",19.2273341828094
100,0.4577144,0.2,"TC",20.2616558037233
80,0.5154289,0.2,"TC",18.4568123760326
100,0.5154289,0.2,"TC",18.1035698480313
76,0.48657165,0.2,"TC",21.9916071784033
104,0.48657165,0.2,"TC",16.1027636006036
90,0.4461715,0.2,"TC",17.9743799223099
90,0.5269718,0.2,"TC",15.8424718105119
90,0.48657165,0.2,"TC",17.5019291404244
80,0.4577144,0.2,"TC",15.9921002597984
100,0.4577144,0.2,"TC",12.9808162303878
80,0.5154289,0.2,"TC",16.364904184496
100,0.5154289,0.2,"TC",13.3863422738649
76,0.48657165,0.2,"TC",11.978662981498
104,0.48657165,0.2,"TC",19.4714497969204
90,0.4461715,0.2,"TC",14.869511078798
90,0.5269718,0.2,"TC",11.5046114573647
90,0.48657165,0.2,"TC",9.69433360905151
80,0.4577144,0.2,"TC",17.444334690422
100,0.4577144,0.2,"TC",14.9868935510989
80,0.5154289,0.2,"TC",19.6681610098798
100,0.5154289,0.2,"TC",17.5571297544308
76,0.48657165,0.2,"TC",18.0245984579228
104,0.48657165,0.2,"TC",19.7850895277171
90,0.4461715,0.2,"TC",17.7094294616514
90,0.5269718,0.2,"TC",20.1236077201513
90,0.48657165,0.2,"TC",12.9205676801998
80,0.4577144,0.2,"TC",18.9389034259151
100,0.4577144,0.2,"TC",25.2177409210732
80,0.5154289,0.2,"TC",17.2962459814683
100,0.5154289,0.2,"TC",14.8048617566256
76,0.48657165,0.2,"TC",18.8082311966081
104,0.48657165,0.2,"TC",21.8308227777619
90,0.4461715,0.2,"TC",20.2246044030747
90,0.5269718,0.2,"TC",12.7682841664326
90,0.48657165,0.2,"TC",18.6078943214936
80,0.4577144,0.2,"TC",22.0511367161175
100,0.4577144,0.2,"TC",14.563791069935
80,0.5154289,0.2,"TC",17.9299166330213
100,0.5154289,0.2,"TC",20.5200058793487
76,0.48657165,0.2,"TC",12.1305007408472
104,0.48657165,0.2,"TC",19.9811032373348
90,0.4461715,0.2,"TC",21.3165023634747
90,0.5269718,0.2,"TC",12.8993931734123
90,0.48657165,0.2,"TC",18.3530836704052
80,0.4577144,0.2,"TC",16.8769680232357
100,0.4577144,0.2,"TC",22.3719202223266
80,0.5154289,0.2,"TC",13.1417322775581
100,0.5154289,0.2,"TC",17.5962268878837
76,0.48657165,0.2,"TC",27.4307569672521
104,0.48657165,0.2,"TC",11.2292332846983
90,0.4461715,0.2,"TC",14.8766151667557
90,0.5269718,0.2,"TC",19.7451050238611
90,0.48657165,0.2,"TC",17.9812541188148
80,0.4577144,0.2,"TC",21.858917696709
100,0.4577144,0.2,"TC",20.3795607777904
80,0.5154289,0.2,"TC",15.9579393607591
100,0.5154289,0.2,"TC",15.4928524321844
76,0.48657165,0.2,"TC",10.6834120699233
104,0.48657165,0.2,"TC",13.0154360196436
90,0.4461715,0.2,"TC",19.7176142232822
90,0.5269718,0.2,"TC",16.6778502980732
90,0.48657165,0.2,"TC",13.9179620088757
80,0.4577144,0.2,"TC",13.4585679904387
100,0.4577144,0.2,"TC",22.2569785686944
80,0.5154289,0.2,"TC",23.0216471929913
100,0.5154289,0.2,"TC",11.9708100963908
76,0.48657165,0.2,"TC",14.4048100677705
104,0.48657165,0.2,"TC",14.2731764803243
90,0.4461715,0.2,"TC",17.5372496674669
90,0.5269718,0.2,"TC",15.2589937222277
90,0.48657165,0.2,"TC",14.16543071417
80,0.4577144,0.2,"TC",20.9675322122296
100,0.4577144,0.2,"TC",16.6578098773349
80,0.5154289,0.2,"TC",18.6353749682042
100,0.5154289,0.2,"TC",16.3235535316325
76,0.48657165,0.2,"TC",22.7684731007439
104,0.48657165,0.2,"TC",25.2846122060046
90,0.4461715,0.2,"TC",18.0806522677322
90,0.5269718,0.2,"TC",18.1832981671473
90,0.48657165,0.2,"TC",15.4665648404615
80,0.4577144,0.2,"TC",17.0243284341556
100,0.4577144,0.2,"TC",12.723320052757
80,0.5154289,0.2,"TC",19.4277614294696
100,0.5154289,0.2,"TC",17.475742686385
76,0.48657165,0.2,"TC",18.7384078870574
104,0.48657165,0.2,"TC",21.1808913022183
90,0.4461715,0.2,"TC",17.2446628146803
90,0.5269718,0.2,"TC",14.121557742069
90,0.48657165,0.2,"TC",15.0193976052117
80,0.4577144,0.2,"TC",20.9491816218995
100,0.4577144,0.2,"TC",20.6378542067036
80,0.5154289,0.2,"TC",15.3153535953777
100,0.5154289,0.2,"TC",21.6253976075246
76,0.48657165,0.2,"TC",16.5846204395489
104,0.48657165,0.2,"TC",12.6350873539888
90,0.4461715,0.2,"TC",19.5794975328707
90,0.5269718,0.2,"TC",24.8479253589533
90,0.48657165,0.2,"TC",19.2888830730606
80,0.4577144,0.2,"TC",13.0919145986638
100,0.4577144,0.2,"TC",18.3828538481031
80,0.5154289,0.2,"TC",22.1634738008176
100,0.5154289,0.2,"TC",16.7588474669619
76,0.48657165,0.2,"TC",18.6913998864716
104,0.48657165,0.2,"TC",20.9645613526683
90,0.4461715,0.2,"TC",20.9274860051572
90,0.5269718,0.2,"TC",20.9005900578203
90,0.48657165,0.2,"TC",17.4516501925682
80,0.4577144,0.2,"TC",17.6955697311574
100,0.4577144,0.2,"TC",14.0529667799341
80,0.5154289,0.2,"TC",18.747114052896
100,0.5154289,0.2,"TC",14.9754055962603
76,0.48657165,0.2,"TC",20.6354667840538
104,0.48657165,0.2,"TC",15.5172682912083
90,0.4461715,0.2,"TC",15.2944850830987
90,0.5269718,0.2,"TC",14.3289811774826
90,0.48657165,0.2,"TC",16.4724559423526
80,0.4577144,0.2,"TC",18.6185811715222
100,0.4577144,0.2,"TC",18.2484392309408
80,0.5154289,0.2,"TC",20.8492192321445
100,0.5154289,0.2,"TC",16.3926868835279
76,0.48657165,0.2,"TC",23.3657934269918
104,0.48657165,0.2,"TC",11.4985650388818
90,0.4461715,0.2,"TC",18.2986837125398
90,0.5269718,0.2,"TC",17.2759202867057
90,0.48657165,0.2,"TC",20.8901224965008
80,0.4577144,0.2,"TC",15.6614297724733
100,0.4577144,0.2,"TC",16.5090790477308
80,0.5154289,0.2,"TC",15.5220089450987
100,0.5154289,0.2,"TC",18.3729865063151
76,0.48657165,0.2,"TC",18.5551246551023
104,0.48657165,0.2,"TC",12.6438614305141
90,0.4461715,0.2,"TC",13.2165270293952
90,0.5269718,0.2,"TC",20.0712873824741
90,0.48657165,0.2,"TC",15.8373273055542
80,0.4577144,0.2,"TC",21.0373638776816
100,0.4577144,0.2,"TC",10.6954081913792
80,0.5154289,0.2,"TC",22.0150837565369
100,0.5154289,0.2,"TC",18.2038898038665
76,0.48657165,0.2,"TC",17.3505221899565
104,0.48657165,0.2,"TC",18.638466058872
90,0.4461715,0.2,"TC",17.9931488574705
90,0.5269718,0.2,"TC",10.7651942622924
90,0.48657165,0.2,"TC",10.9413232236758
80,0.4577144,0.2,"TC",26.5683715801155
100,0.4577144,0.2,"TC",13.4408583755863
80,0.5154289,0.2,"TC",12.601906057685
100,0.5154289,0.2,"TC",14.1070289062874
76,0.48657165,0.2,"TC",16.8263379026029
104,0.48657165,0.2,"TC",23.7146313490676
90,0.4461715,0.2,"TC",25.2480574732998
90,0.5269718,0.2,"TC",21.0976972908518
90,0.48657165,0.2,"TC",19.9018119755588
80,0.4577144,0.2,"TC",17.3224667842821
100,0.4577144,0.2,"TC",11.2259079690841
80,0.5154289,0.2,"TC",19.5855905460997
100,0.5154289,0.2,"TC",18.7046656491386
76,0.48657165,0.2,"TC",15.5125219563901
104,0.48657165,0.2,"TC",24.9253875276809
90,0.4461715,0.2,"TC",17.2298797172491
90,0.5269718,0.2,"TC",18.8981505161125
90,0.48657165,0.2,"TC",21.6100060050685
80,0.4577144,0.2,"TC",20.6232247372744
100,0.4577144,0.2,"TC",12.8777929270693
80,0.5154289,0.2,"TC",12.8568630161978
100,0.5154289,0.2,"TC",16.9531989218279
76,0.48657165,0.2,"TC",16.999680029772
104,0.48657165,0.2,"TC",15.353206851908
90,0.4461715,0.2,"TC",19.2784684389526
90,0.5269718,0.2,"TC",17.0850119670619
90,0.48657165,0.2,"TC",16.5300750959576
80,0.4577144,0.2,"TC",20.5782187277317
100,0.4577144,0.2,"TC",15.9700721415278
80,0.5154289,0.2,"TC",11.1293628086686
100,0.5154289,0.2,"TC",22.3000441907694
76,0.48657165,0.2,"TC",16.5120266709722
104,0.48657165,0.2,"TC",17.3119585733626
90,0.4461715,0.2,"TC",16.4082048282441
90,0.5269718,0.2,"TC",11.9829331598144
90,0.48657165,0.2,"TC",15.9616057920246
80,0.4577144,0.2,"TC",15.8740006899396
100,0.4577144,0.2,"TC",23.9597272313109
80,0.5154289,0.2,"TC",18.6334769475443
100,0.5154289,0.2,"TC",14.828799035386
76,0.48657165,0.2,"TC",16.9443915929338
104,0.48657165,0.2,"TC",14.517891684427
90,0.4461715,0.2,"TC",16.5280029685329
90,0.5269718,0.2,"TC",15.5558114875048
90,0.48657165,0.2,"TC",20.162135763506
80,0.4577144,0.2,"TC",15.8604105483315
100,0.4577144,0.2,"TC",17.3414367451852
80,0.5154289,0.2,"TC",13.6317208649655
100,0.5154289,0.2,"TC",19.6367439169572
76,0.48657165,0.2,"TC",18.9084103615141
104,0.48657165,0.2,"TC",14.8353813633848
90,0.4461715,0.2,"TC",16.6843874436087
90,0.5269718,0.2,"TC",14.2500976565677
90,0.48657165,0.2,"TC",19.2456325424759
80,0.4577144,0.2,"TC",16.782930490357
100,0.4577144,0.2,"TC",16.9647412917621
80,0.5154289,0.2,"TC",17.3027320066178
100,0.5154289,0.2,"TC",18.3775386863154
76,0.48657165,0.2,"TC",14.3499957473363
104,0.48657165,0.2,"TC",17.8378518522641
90,0.4461715,0.2,"TC",15.0521861933455
90,0.5269718,0.2,"TC",15.2949846933651
90,0.48657165,0.2,"TC",16.2438804889712
80,0.4577144,0.2,"TC",19.9175696937262
100,0.4577144,0.2,"TC",26.3398243084881
80,0.5154289,0.2,"TC",21.4625641896026
100,0.5154289,0.2,"TC",14.0764334215518
76,0.48657165,0.2,"TC",11.6762739008091
104,0.48657165,0.2,"TC",15.4035613469116
90,0.4461715,0.2,"TC",15.2700339231814
90,0.5269718,0.2,"TC",13.6796715269622
90,0.48657165,0.2,"TC",17.6912199186466
80,0.4577144,0.2,"TC",14.5546665578559
100,0.4577144,0.2,"TC",17.5387214470345
80,0.5154289,0.2,"TC",16.3526875916301
100,0.5154289,0.2,"TC",21.2639343591523
76,0.48657165,0.2,"TC",20.259314738514
104,0.48657165,0.2,"TC",24.0721343700443
90,0.4461715,0.2,"TC",23.7489564097127
90,0.5269718,0.2,"TC",15.8951267991044
90,0.48657165,0.2,"TC",16.7887846898145
80,0.4577144,0.2,"TC",23.4981511482176
100,0.4577144,0.2,"TC",22.3178166100017
80,0.5154289,0.2,"TC",16.5810266904982
100,0.5154289,0.2,"TC",12.1611868548552
76,0.48657165,0.2,"TC",17.2899656918627
104,0.48657165,0.2,"TC",15.9267261414625
90,0.4461715,0.2,"TC",22.4790907766196
90,0.5269718,0.2,"TC",18.7469686470898
90,0.48657165,0.2,"TC",17.1317385473316
80,0.4577144,0.2,"TC",15.2266423515509
100,0.4577144,0.2,"TC",15.2086631082488
80,0.5154289,0.2,"TC",21.8656253029584
100,0.5154289,0.2,"TC",16.9263786046038
76,0.48657165,0.2,"TC",17.2542528327921
104,0.48657165,0.2,"TC",17.0127458799107
90,0.4461715,0.2,"TC",17.821747428201
90,0.5269718,0.2,"TC",14.5106580836958
90,0.48657165,0.2,"TC",17.8507348559836
80,0.4577144,0.2,"TC",17.2166681321657
100,0.4577144,0.2,"TC",15.2122235821196
80,0.5154289,0.2,"TC",19.6965856495319
100,0.5154289,0.2,"TC",14.3094766848087
76,0.48657165,0.2,"TC",16.7045604177985
104,0.48657165,0.2,"TC",18.1503802492642
90,0.4461715,0.2,"TC",19.1551630833924
90,0.5269718,0.2,"TC",12.8708495043957
90,0.48657165,0.2,"TC",17.2940626013852
80,0.4577144,0.2,"TC",14.9999991811302
100,0.4577144,0.2,"TC",17.1088828510009
80,0.5154289,0.2,"TC",19.0824034255954
100,0.5154289,0.2,"TC",19.0058518498284
76,0.48657165,0.2,"TC",22.1707782422631
104,0.48657165,0.2,"TC",15.9705161753304
90,0.4461715,0.2,"TC",12.8609921530552
90,0.5269718,0.2,"TC",14.9417157344008
90,0.48657165,0.2,"TC",22.6345564186439
80,0.4577144,0.2,"TC",18.8277463244953
100,0.4577144,0.2,"TC",15.4385109618677
80,0.5154289,0.2,"TC",17.9877865011329
100,0.5154289,0.2,"TC",13.0618536741162
76,0.48657165,0.2,"TC",18.8353359222413
104,0.48657165,0.2,"TC",15.9561541898162
90,0.4461715,0.2,"TC",20.0655502815924
90,0.5269718,0.2,"TC",19.5304471080091
90,0.48657165,0.2,"TC",16.1081582209455
80,0.4577144,0.2,"TC",19.3640643867007
100,0.4577144,0.2,"TC",15.4981880624708
80,0.5154289,0.2,"TC",20.2061774753602
100,0.5154289,0.2,"TC",19.1696117809522
76,0.48657165,0.2,"TC",20.0128120934236
104,0.48657165,0.2,"TC",15.204166237168
90,0.4461715,0.2,"TC",21.3700016516862
90,0.5269718,0.2,"TC",13.9780153054337
90,0.48657165,0.2,"TC",14.5364520567352
80,0.4577144,0.2,"TC",20.3632818104656
100,0.4577144,0.2,"TC",21.3977184969544
80,0.5154289,0.2,"TC",23.7797222293829
100,0.5154289,0.2,"TC",16.6741440449717
76,0.48657165,0.2,"TC",16.3160904172983
104,0.48657165,0.2,"TC",12.2237989933296
90,0.4461715,0.2,"TC",12.7364707185203
90,0.5269718,0.2,"TC",18.7939850153939
90,0.48657165,0.2,"TC",15.7905172816674
80,0.4577144,0.2,"TC",16.577856279428
100,0.4577144,0.2,"TC",17.6205883894855
80,0.5154289,0.2,"TC",19.2276814920246
100,0.5154289,0.2,"TC",13.8711308040424
76,0.48657165,0.2,"TC",19.320332288527
104,0.48657165,0.2,"TC",12.9923843223415
90,0.4461715,0.2,"TC",20.0177596267641
90,0.5269718,0.2,"TC",16.7322596661602
90,0.48657165,0.2,"TC",19.8713019909631
80,0.4577144,0.2,"TC",19.8980158799362
100,0.4577144,0.2,"TC",22.0831370805336
80,0.5154289,0.2,"TC",21.1977423634395
100,0.5154289,0.2,"TC",18.031906164162
76,0.48657165,0.2,"TC",19.8874227768241
104,0.48657165,0.2,"TC",23.8614503371156
90,0.4461715,0.2,"TC",17.5452161708883
90,0.5269718,0.2,"TC",20.6270778293314
90,0.48657165,0.2,"TC",21.2264837261692
80,0.4577144,0.2,"TC",19.0283865133354
100,0.4577144,0.2,"TC",22.205157045615
80,0.5154289,0.2,"TC",14.2436155195828
100,0.5154289,0.2,"TC",12.7020062976487
76,0.48657165,0.2,"TC",22.1628777907033
104,0.48657165,0.2,"TC",21.5861520500862
90,0.4461715,0.2,"TC",20.764801507316
90,0.5269718,0.2,"TC",15.6912851010438
90,0.48657165,0.2,"TC",15.6704075138065
80,0.4577144,0.2,"TC",21.7308323570483
100,0.4577144,0.2,"TC",10.8219221361287
80,0.5154289,0.2,"TC",23.2119454092377
100,0.5154289,0.2,"TC",15.8798681430373
76,0.48657165,0.2,"TC",19.5999095466456
104,0.48657165,0.2,"TC",15.5975175188715
90,0.4461715,0.2,"TC",18.3226583219558
90,0.5269718,0.2,"TC",13.8704713064061
90,0.48657165,0.2,"TC",15.0132314373495
80,0.4577144,0.2,"TC",26.0843153308306
100,0.4577144,0.2,"TC",15.6053234111428
80,0.5154289,0.2,"TC",15.9177054604877
100,0.5154289,0.2,"TC",8.7638944386822
76,0.48657165,0.2,"TC",17.058238310664
104,0.48657165,0.2,"TC",13.5861746233931
90,0.4461715,0.2,"TC",17.5692936301281
90,0.5269718,0.2,"TC",14.1965226390136
90,0.48657165,0.2,"TC",20.8617409259261
80,0.4577144,0.2,"TC",22.1327616396791
100,0.4577144,0.2,"TC",15.6790866259483
80,0.5154289,0.2,"TC",13.0579488985639
100,0.5154289,0.2,"TC",16.6640786803106
76,0.48657165,0.2,"TC",14.7135316799082
104,0.48657165,0.2,"TC",20.9844976273867
90,0.4461715,0.2,"TC",14.2245454315674
90,0.5269718,0.2,"TC",14.7410459690583
90,0.48657165,0.2,"TC",17.3200159501436
80,0.4577144,0.2,"TC",15.4796189924234
100,0.4577144,0.2,"TC",20.9222326637396
80,0.5154289,0.2,"TC",15.2900947937996
100,0.5154289,0.2,"TC",11.8868674635192
76,0.48657165,0.2,"TC",23.5227449340917
104,0.48657165,0.2,"TC",21.263048390071
90,0.4461715,0.2,"TC",18.9912569344512
90,0.5269718,0.2,"TC",18.7731325918365
90,0.48657165,0.2,"TC",10.8381302783716
80,0.4577144,0.2,"TC",23.5415506587472
100,0.4577144,0.2,"TC",18.7617254469986
80,0.5154289,0.2,"TC",22.8976781051436
100,0.5154289,0.2,"TC",15.5290504021867
76,0.48657165,0.2,"TC",18.3924918978031
104,0.48657165,0.2,"TC",20.087232716164
90,0.4461715,0.2,"TC",26.1018466709474
90,0.5269718,0.2,"TC",17.5777730582632
90,0.48657165,0.2,"TC",17.7600351519499
80,0.4577144,0.2,"TC",19.6176935981198
100,0.4577144,0.2,"TC",16.9838331150411
80,0.5154289,0.2,"TC",16.1048296356352
100,0.5154289,0.2,"TC",15.950191690472
76,0.48657165,0.2,"TC",13.5135600935303
104,0.48657165,0.2,"TC",18.0990745118151
90,0.4461715,0.2,"TC",23.7081069186732
90,0.5269718,0.2,"TC",17.4228518455718
90,0.48657165,0.2,"TC",20.9736743767927
80,0.4577144,0.2,"TC",17.9537249707136
100,0.4577144,0.2,"TC",19.3266424119833
80,0.5154289,0.2,"TC",18.7558958572737
100,0.5154289,0.2,"TC",19.7914727398168
76,0.48657165,0.2,"TC",19.3043751561699
104,0.48657165,0.2,"TC",19.6988641983023
90,0.4461715,0.2,"TC",17.2177414980091
90,0.5269718,0.2,"TC",19.6877095048628
90,0.48657165,0.2,"TC",17.2221768447369
80,0.4577144,0.2,"TC",20.1572722584465
100,0.4577144,0.2,"TC",17.6866817748798
80,0.5154289,0.2,"TC",17.9513852964043
100,0.5154289,0.2,"TC",17.442198619462
76,0.48657165,0.2,"TC",17.339886660552
104,0.48657165,0.2,"TC",17.997473230633
90,0.4461715,0.2,"TC",23.79707152206
90,0.5269718,0.2,"TC",21.4834738032953
90,0.48657165,0.2,"TC",16.7266048007721
80,0.4577144,0.2,"TC",20.4812291713818
100,0.4577144,0.2,"TC",18.3068332518498
80,0.5154289,0.2,"TC",13.3958274586397
100,0.5154289,0.2,"TC",20.6340129532419
76,0.48657165,0.2,"TC",11.0490040710076
104,0.48657165,0.2,"TC",12.9691179782062
90,0.4461715,0.2,"TC",16.4917442983033
90,0.5269718,0.2,"TC",19.9050340944339
90,0.48657165,0.2,"TC",16.2912765615298
80,0.4577144,0.2,"TC",21.6117357121236
100,0.4577144,0.2,"TC",13.3373490377499
80,0.5154289,0.2,"TC",12.6133435272845
100,0.5154289,0.2,"TC",22.4765893430506
76,0.48657165,0.2,"TC",13.9759909413889
104,0.48657165,0.2,"TC",13.6223702266742
90,0.4461715,0.2,"TC",19.6037800877097
90,0.5269718,0.2,"TC",19.2896434039044
90,0.48657165,0.2,"TC",16.2682938782924
80,0.4577144,0.2,"TC",16.3892718275189
100,0.4577144,0.2,"TC",23.3302408267508
80,0.5154289,0.2,"TC",20.0896641454563
100,0.5154289,0.2,"TC",16.8446956869386
76,0.48657165,0.2,"TC",13.0647977356261
104,0.48657165,0.2,"TC",14.7326930894145
90,0.4461715,0.2,"TC",14.8424953187106
90,0.5269718,0.2,"TC",17.4185376612562
90,0.48657165,0.2,"TC",20.398362527857
80,0.4577144,0.2,"TC",20.3650387270311
100,0.4577144,0.2,"TC",14.1655210358136
80,0.5154289,0.2,"TC",17.1271142720338
100,0.5154289,0.2,"TC",19.9899299866588
76,0.48657165,0.2,"TC",17.7616911376663
104,0.48657165,0.2,"TC",16.3989600165424
90,0.4461715,0.2,"TC",21.1437823848923
90,0.5269718,0.2,"TC",17.4946786811416
90,0.48657165,0.2,"TC",15.5622205801352
80,0.4577144,0.2,"TC",15.2723484693751
100,0.4577144,0.2,"TC",16.1231528443943
80,0.5154289,0.2,"TC",14.6597136135037
100,0.5154289,0.2,"TC",17.1142379241959
76,0.48657165,0.2,"TC",13.5905362021672
104,0.48657165,0.2,"TC",14.1461038890525
90,0.4461715,0.2,"TC",17.5879261350336
90,0.5269718,0.2,"TC",16.4380520705606
90,0.48657165,0.2,"TC",10.0565981017813
80,0.4577144,0.2,"TC",13.2451934251786
100,0.4577144,0.2,"TC",15.068647911472
80,0.5154289,0.2,"TC",19.473788113828
100,0.5154289,0.2,"TC",17.7363740971566
76,0.48657165,0.2,"TC",12.3507343512886
104,0.48657165,0.2,"TC",17.5432265696222
90,0.4461715,0.2,"TC",15.2076664963318
90,0.5269718,0.2,"TC",13.2459630459183
90,0.48657165,0.2,"TC",14.2793862425639
80,0.4577144,0.2,"TC",18.3701770975331
100,0.4577144,0.2,"TC",17.5245791004227
80,0.5154289,0.2,"TC",20.7888289832075
100,0.5154289,0.2,"TC",16.1149328804606
76,0.48657165,0.2,"TC",17.1761668924939
104,0.48657165,0.2,"TC",13.8633102645768
90,0.4461715,0.2,"TC",18.4100458588998
90,0.5269718,0.2,"TC",16.2073556773169
90,0.48657165,0.2,"TC",11.5919592712001
80,0.4577144,0.2,"TC",16.2594676981737
100,0.4577144,0.2,"TC",22.8174371539725
80,0.5154289,0.2,"TC",18.4569855601289
100,0.5154289,0.2,"TC",17.0980076480553
76,0.48657165,0.2,"TC",16.5377116351538
104,0.48657165,0.2,"TC",18.7299486159255
90,0.4461715,0.2,"TC",20.69957844252
90,0.5269718,0.2,"TC",19.8330343885318
90,0.48657165,0.2,"TC",14.5345077314965
80,0.4577144,0.2,"TC",16.8341011031358
100,0.4577144,0.2,"TC",15.5287378527507
80,0.5154289,0.2,"TC",20.6279808560929
100,0.5154289,0.2,"TC",15.6023409825178
76,0.48657165,0.2,"TC",19.356449354707
104,0.48657165,0.2,"TC",19.2760654093094
90,0.4461715,0.2,"TC",14.1734076811916
90,0.5269718,0.2,"TC",11.6842372536466
90,0.48657165,0.2,"TC",20.1489590669816
80,0.4577144,0.2,"TC",15.8622369451944
100,0.4577144,0.2,"TC",14.994807953602
80,0.5154289,0.2,"TC",19.1378964111749
100,0.5154289,0.2,"TC",16.4996782317617
76,0.48657165,0.2,"TC",12.9566438587861
104,0.48657165,0.2,"TC",23.2158084528078
90,0.4461715,0.2,"TC",17.5853118468238
90,0.5269718,0.2,"TC",12.251060049878
90,0.48657165,0.2,"TC",17.8261075785837
80,0.4577144,0.2,"TC",19.4982711690221
100,0.4577144,0.2,"TC",20.6261319165486
80,0.5154289,0.2,"TC",15.6716156245771
100,0.5154289,0.2,"TC",13.047456508605
76,0.48657165,0.2,"TC",19.1464233262994
104,0.48657165,0.2,"TC",19.6407167235613
90,0.4461715,0.2,"TC",21.3390161116992
90,0.5269718,0.2,"TC",15.6053401922567
90,0.48657165,0.2,"TC",16.1027727344956
80,0.4577144,0.2,"TC",14.5936325784433
100,0.4577144,0.2,"TC",19.8983886189684
80,0.5154289,0.2,"TC",13.4905685267991
100,0.5154289,0.2,"TC",15.1625431982332
76,0.48657165,0.2,"TC",15.7771855826455
104,0.48657165,0.2,"TC",14.3802963509605
90,0.4461715,0.2,"TC",15.6769827693563
90,0.5269718,0.2,"TC",20.5036184074888
90,0.48657165,0.2,"TC",18.4999422368094
80,0.4577144,0.2,"TC",18.021170398891
100,0.4577144,0.2,"TC",20.8099033880032
80,0.5154289,0.2,"TC",11.4890446298106
100,0.5154289,0.2,"TC",19.1370337760989
76,0.48657165,0.2,"TC",14.0222867098873
104,0.48657165,0.2,"TC",15.8488217238074
90,0.4461715,0.2,"TC",10.4580606278589
90,0.5269718,0.2,"TC",23.2169730732959
90,0.48657165,0.2,"TC",21.5265863484762
80,0.4577144,0.2,"TC",20.8750302661588
100,0.4577144,0.2,"TC",13.0958099915532
80,0.5154289,0.2,"TC",13.2253626284711
100,0.5154289,0.2,"TC",18.1104350562526
76,0.48657165,0.2,"TC",11.3212425784095
104,0.48657165,0.2,"TC",19.0431441236304
90,0.4461715,0.2,"TC",18.8318079049732
90,0.5269718,0.2,"TC",14.6396172379803
90,0.48657165,0.2,"TC",11.8492786127466
80,0.4577144,0.2,"TC",15.169928019199
100,0.4577144,0.2,"TC",19.2713392381759
80,0.5154289,0.2,"TC",17.6343442301082
100,0.5154289,0.2,"TC",18.3716360047941
76,0.48657165,0.2,"TC",18.3088504504592
104,0.48657165,0.2,"TC",19.4683285980168
90,0.4461715,0.2,"TC",12.1532159212711
90,0.5269718,0.2,"TC",19.4829197909079
90,0.48657165,0.2,"TC",18.8880298947386
80,0.4577144,0.2,"TC",16.135961374835
100,0.4577144,0.2,"TC",16.9886309820741
80,0.5154289,0.2,"TC",19.7988908448923
100,0.5154289,0.2,"TC",16.118808539049
76,0.48657165,0.2,"TC",13.11671104704
104,0.48657165,0.2,"TC",15.829893907455
90,0.4461715,0.2,"TC",24.6956622981538
90,0.5269718,0.2,"TC",22.0444982857221
90,0.48657165,0.2,"TC",12.8780406262437
80,0.4577144,0.2,"TC",11.8859989600085
100,0.4577144,0.2,"TC",20.5729561096977
80,0.5154289,0.2,"TC",15.652569890331
100,0.5154289,0.2,"TC",21.5730590720884
76,0.48657165,0.2,"TC",19.2732362214448
104,0.48657165,0.2,"TC",19.365482710525
90,0.4461715,0.2,"TC",16.8586463550882
90,0.5269718,0.2,"TC",14.1248258144751
90,0.48657165,0.2,"TC",13.8102236035977
80,0.4577144,0.2,"TC",19.4827127494883
100,0.4577144,0.2,"TC",20.6833444367866
80,0.5154289,0.2,"TC",18.6674700418517
100,0.5154289,0.2,"TC",16.0613159008798
76,0.48657165,0.2,"TC",11.1383943773258
104,0.48657165,0.2,"TC",20.1249582684263
90,0.4461715,0.2,"TC",19.044945429616
90,0.5269718,0.2,"TC",14.7049969581147
90,0.48657165,0.2,"TC",18.6317823962343
80,0.4577144,0.2,"TC",14.8053280741208
100,0.4577144,0.2,"TC",15.2647678925689
80,0.5154289,0.2,"TC",15.5065245487989
100,0.5154289,0.2,"TC",21.3128740594353
76,0.48657165,0.2,"TC",13.0405426060642
104,0.48657165,0.2,"TC",15.8236864412382
90,0.4461715,0.2,"TC",18.104775432431
90,0.5269718,0.2,"TC",13.4463553223344
90,0.48657165,0.2,"TC",15.2295292348482
80,0.4577144,0.2,"TC",14.5862577684428
100,0.4577144,0.2,"TC",15.8694228470191
80,0.5154289,0.2,"TC",23.5523163842775
100,0.5154289,0.2,"TC",16.477788978357
76,0.48657165,0.2,"TC",20.7625241908633
104,0.48657165,0.2,"TC",13.016940987871
90,0.4461715,0.2,"TC",8.79912863532473
90,0.5269718,0.2,"TC",19.6515674603158
90,0.48657165,0.2,"TC",12.5597108931371
80,0.4577144,0.2,"TC",14.8666859535895
100,0.4577144,0.2,"TC",18.349611527334
80,0.5154289,0.2,"TC",17.9030826821267
100,0.5154289,0.2,"TC",14.0412976858276
76,0.48657165,0.2,"TC",17.3983264485552
104,0.48657165,0.2,"TC",17.3115945547043
90,0.4461715,0.2,"TC",22.696100584768
90,0.5269718,0.2,"TC",15.6174736091047
90,0.48657165,0.2,"TC",20.6637644071456
80,0.4577144,0.2,"TC",19.1599500486094
100,0.4577144,0.2,"TC",18.7335514598483
80,0.5154289,0.2,"TC",17.0556011355779
100,0.5154289,0.2,"TC",21.8753033242276
76,0.48657165,0.2,"TC",21.4646216637625
104,0.48657165,0.2,"TC",18.7596948731076
90,0.4461715,0.2,"TC",17.5288252506654
90,0.5269718,0.2,"TC",17.1512418938521
90,0.48657165,0.2,"TC",18.7929190067436
80,0.4577144,0.2,"TC",22.8166035185761
100,0.4577144,0.2,"TC",13.5157385774066
80,0.5154289,0.2,"TC",12.1035859975373
100,0.5154289,0.2,"TC",14.2282729639202
76,0.48657165,0.2,"TC",18.0989255659156
104,0.48657165,0.2,"TC",17.80861815487
90,0.4461715,0.2,"TC",21.3993352624736
90,0.5269718,0.2,"TC",15.2013276635346
90,0.48657165,0.2,"TC",14.3121657142701
80,0.4577144,0.2,"TC",13.5086276384871
100,0.4577144,0.2,"TC",22.5382620348499
80,0.5154289,0.2,"TC",16.3937405034805
100,0.5154289,0.2,"TC",17.9530225409638
76,0.48657165,0.2,"TC",15.9592450922443
104,0.48657165,0.2,"TC",18.8240522890618
90,0.4461715,0.2,"TC",18.1847519389331
90,0.5269718,0.2,"TC",20.3115894986387
90,0.48657165,0.2,"TC",13.6439426974066
80,0.4577144,0.2,"TC",11.3924015079256
100,0.4577144,0.2,"TC",18.3618470428872
80,0.5154289,0.2,"TC",16.0352137794247
100,0.5154289,0.2,"TC",19.3193712335375
76,0.48657165,0.2,"TC",19.8382187933963
104,0.48657165,0.2,"TC",15.5810345310064
90,0.4461715,0.2,"TC",16.3734735096999
90,0.5269718,0.2,"TC",16.0283896749075
90,0.48657165,0.2,"TC",17.6718488394907
80,0.4577144,0.2,"TC",18.5384519843792
100,0.4577144,0.2,"TC",16.9790611918334
80,0.5154289,0.2,"TC",20.6867206243679
100,0.5154289,0.2,"TC",20.22884630178
76,0.48657165,0.2,"TC",17.1946263788958
104,0.48657165,0.2,"TC",12.8508060465492
90,0.4461715,0.2,"TC",17.6161340984936
90,0.5269718,0.2,"TC",19.5928822459636
90,0.48657165,0.2,"TC",15.7325341039165
80,0.4577144,0.2,"TC",18.9541079895412
100,0.4577144,0.2,"TC",16.4216479378348
80,0.5154289,0.2,"TC",21.5957224298345
100,0.5154289,0.2,"TC",17.3889307583611
76,0.48657165,0.2,"TC",18.5220680422333
104,0.48657165,0.2,"TC",16.5751206696187
90,0.4461715,0.2,"TC",20.492368020911
90,0.5269718,0.2,"TC",13.1798419425057
90,0.48657165,0.2,"TC",16.1676568688806
80,0.4577144,0.2,"TC",14.2735592428657
100,0.4577144,0.2,"TC",18.2107089252872
80,0.5154289,0.2,"TC",17.5515732392714
100,0.5154289,0.2,"TC",24.0490871149979
76,0.48657165,0.2,"TC",20.4682474411009
104,0.48657165,0.2,"TC",20.2848928690301
90,0.4461715,0.2,"TC",19.8792670396383
90,0.5269718,0.2,"TC",17.3719749882014
90,0.48657165,0.2,"TC",21.6035548522796
80,0.4577144,0.2,"TC",21.4968857104935
100,0.4577144,0.2,"TC",16.3893657672487
80,0.5154289,0.2,"TC",11.2623961392426
100,0.5154289,0.2,"TC",19.9406211274501
76,0.48657165,0.2,"TC",13.035466754805
104,0.48657165,0.2,"TC",12.5572523868404
90,0.4461715,0.2,"TC",18.5995586756969
90,0.5269718,0.2,"TC",17.1555940537994
90,0.48657165,0.2,"TC",17.7032996509703
80,0.4577144,0.2,"TC",19.4621134608009
100,0.4577144,0.2,"TC",15.3780221009654
80,0.5154289,0.2,"TC",14.2643996949328
100,0.5154289,0.2,"TC",16.3491930395699
76,0.48657165,0.2,"TC",16.1790822050265
104,0.48657165,0.2,"TC",21.3567378995053
90,0.4461715,0.2,"TC",18.1067902407587
90,0.5269718,0.2,"TC",14.5257364494179
90,0.48657165,0.2,"TC",16.8984041560373
80,0.4577144,0.2,"TC",23.4003097698676
100,0.4577144,0.2,"TC",12.4523161287807
80,0.5154289,0.2,"TC",14.7767149811818
100,0.5154289,0.2,"TC",22.7308595137404
76,0.48657165,0.2,"TC",15.1452622248579
104,0.48657165,0.2,"TC",10.9856462489687
90,0.4461715,0.2,"TC",20.6965538350032
90,0.5269718,0.2,"TC",12.7663689409828
90,0.48657165,0.2,"TC",17.9888683486355
80,0.4577144,0.2,"TC",9.02546435928942
100,0.4577144,0.2,"TC",16.4036274312503
80,0.5154289,0.2,"TC",13.7548266860747
100,0.5154289,0.2,"TC",22.6055472398256
76,0.48657165,0.2,"TC",16.615936489289
104,0.48657165,0.2,"TC",17.8461121696955
90,0.4461715,0.2,"TC",25.6723662134126
90,0.5269718,0.2,"TC",15.6893191603138
90,0.48657165,0.2,"TC",17.7859288736002
80,0.4577144,0.2,"TC",13.6407968532387
100,0.4577144,0.2,"TC",16.1240095015469
80,0.5154289,0.2,"TC",15.9720072181647
100,0.5154289,0.2,"TC",19.9741246855566
76,0.48657165,0.2,"TC",21.0173651787824
104,0.48657165,0.2,"TC",16.4575635012056
90,0.4461715,0.2,"TC",22.7896561533727
90,0.5269718,0.2,"TC",17.0388062497471
90,0.48657165,0.2,"TC",15.9993094276526
80,0.4577144,0.2,"TC",22.4991325883533
100,0.4577144,0.2,"TC",24.7821700336803
80,0.5154289,0.2,"TC",14.6641785850101
100,0.5154289,0.2,"TC",20.603200405963
76,0.48657165,0.2,"TC",16.3509798197975
104,0.48657165,0.2,"TC",17.8446544199776
90,0.4461715,0.2,"TC",18.3862520229441
90,0.5269718,0.2,"TC",12.8463914363898
90,0.48657165,0.2,"TC",15.8285451912553
80,0.4577144,0.2,"TC",17.7503922450576
100,0.4577144,0.2,"TC",18.8669425480186
80,0.5154289,0.2,"TC",12.2910162276972
100,0.5154289,0.2,"TC",14.0020028615729
76,0.48657165,0.2,"TC",21.8832558714904
104,0.48657165,0.2,"TC",16.8477551766139
90,0.4461715,0.2,"TC",17.5533560519882
90,0.5269718,0.2,"TC",16.7574380866003
90,0.48657165,0.2,"TC",18.4174995411403
80,0.4577144,0.2,"TC",20.4105206508323
100,0.4577144,0.2,"TC",19.5060804750081
80,0.5154289,0.2,"TC",15.3492323582541
100,0.5154289,0.2,"TC",24.2509608410564
76,0.48657165,0.2,"TC",15.4075595555195
104,0.48657165,0.2,"TC",16.336103661079
90,0.4461715,0.2,"TC",16.4729933462381
90,0.5269718,0.2,"TC",12.7141508514538
90,0.48657165,0.2,"TC",13.48774354744
80,0.4577144,0.2,"TC",16.6744704313037
100,0.4577144,0.2,"TC",19.8868142837533
80,0.5154289,0.2,"TC",10.9416742267436
100,0.5154289,0.2,"TC",21.3719526785378
76,0.48657165,0.2,"TC",19.7466351751391
104,0.48657165,0.2,"TC",17.1795337000965
90,0.4461715,0.2,"TC",23.0068249371978
90,0.5269718,0.2,"TC",16.0092668239289
90,0.48657165,0.2,"TC",17.5775903799424
80,0.4577144,0.2,"TC",17.0256335239132
100,0.4577144,0.2,"TC",18.4417837889957
80,0.5154289,0.2,"TC",20.2145162796934
100,0.5154289,0.2,"TC",17.9401691301186
76,0.48657165,0.2,"TC",11.8634343974412
104,0.48657165,0.2,"TC",14.1619043285505
90,0.4461715,0.2,"TC",22.5831924417185
90,0.5269718,0.2,"TC",5.96590088931063
90,0.48657165,0.2,"TC",16.5665943038893
80,0.4577144,0.2,"TC",25.4400723925677
100,0.4577144,0.2,"TC",17.5742377410246
80,0.5154289,0.2,"TC",15.1582155834704
100,0.5154289,0.2,"TC",18.0298620671284
76,0.48657165,0.2,"TC",20.2164705412022
104,0.48657165,0.2,"TC",21.0480977850166
90,0.4461715,0.2,"TC",19.4290209479855
90,0.5269718,0.2,"TC",17.363499422061
90,0.48657165,0.2,"TC",15.6266996083096
80,0.4577144,0.2,"TC",23.3104981546926
100,0.4577144,0.2,"TC",22.6583940874976
80,0.5154289,0.2,"TC",15.2410695545502
100,0.5154289,0.2,"TC",11.0523498705556
76,0.48657165,0.2,"TC",14.0121632641155
104,0.48657165,0.2,"TC",11.6789447764509
90,0.4461715,0.2,"TC",16.9847464648765
90,0.5269718,0.2,"TC",10.6643867097308
90,0.48657165,0.2,"TC",15.0024613905907
80,0.4577144,0.2,"TC",14.892245000711
100,0.4577144,0.2,"TC",18.302215245329
80,0.5154289,0.2,"TC",20.4197498990244
100,0.5154289,0.2,"TC",18.0464020245649
76,0.48657165,0.2,"TC",17.8030278693008
104,0.48657165,0.2,"TC",19.4957762537953
90,0.4461715,0.2,"TC",16.2651606588577
90,0.5269718,0.2,"TC",20.617754078976
90,0.48657165,0.2,"TC",16.9368066699066
80,0.4577144,0.2,"TC",20.0678721679828
100,0.4577144,0.2,"TC",15.7078029905901
80,0.5154289,0.2,"TC",11.5592687965863
100,0.5154289,0.2,"TC",15.8328546158636
76,0.48657165,0.2,"TC",15.6120102328564
104,0.48657165,0.2,"TC",16.7533225491269
90,0.4461715,0.2,"TC",16.2473601511166
90,0.5269718,0.2,"TC",17.1605390646479
90,0.48657165,0.2,"TC",15.6472732287766
80,0.4577144,0.2,"TC",18.6959102116456
100,0.4577144,0.2,"TC",15.6173606637379
80,0.5154289,0.2,"TC",19.3636126005145
100,0.5154289,0.2,"TC",15.6634475243569
76,0.48657165,0.2,"TC",17.5732719937462
104,0.48657165,0.2,"TC",11.7796963946833
90,0.4461715,0.2,"TC",17.2144108024031
90,0.5269718,0.2,"TC",15.4000790903602
90,0.48657165,0.2,"TC",12.7461118422488
80,0.4577144,0.2,"TC",23.4052103360604
100,0.4577144,0.2,"TC",14.9340590909385
80,0.5154289,0.2,"TC",15.395346479576
100,0.5154289,0.2,"TC",14.9664835358001
76,0.48657165,0.2,"TC",22.8478184385801
104,0.48657165,0.2,"TC",12.8326566476086
90,0.4461715,0.2,"TC",22.7016769497471
90,0.5269718,0.2,"TC",16.9541720384925
90,0.48657165,0.2,"TC",18.3412745861643
80,0.4577144,0.2,"TC",20.6760720014817
100,0.4577144,0.2,"TC",14.7954896992289
80,0.5154289,0.2,"TC",14.1068193726197
100,0.5154289,0.2,"TC",25.3052106337243
76,0.48657165,0.2,"TC",19.1691482635907
104,0.48657165,0.2,"TC",16.7674137662357
90,0.4461715,0.2,"TC",17.4770874598677
90,0.5269718,0.2,"TC",12.9448616550782
90,0.48657165,0.2,"TC",19.33343995834
80,0.4577144,0.2,"TC",17.9288097012992
100,0.4577144,0.2,"TC",15.6240599414096
80,0.5154289,0.2,"TC",18.0607564309285
100,0.5154289,0.2,"TC",16.857747307475
76,0.48657165,0.2,"TC",18.7933503103354
104,0.48657165,0.2,"TC",14.6189617583973
90,0.4461715,0.2,"TC",17.9226902593822
90,0.5269718,0.2,"TC",14.7937394102867
90,0.48657165,0.2,"TC",13.7095504359329
80,0.4577144,0.2,"TC",17.859967995016
100,0.4577144,0.2,"TC",16.9735491362183
80,0.5154289,0.2,"TC",18.2982061736518
100,0.5154289,0.2,"TC",15.0706249006093
76,0.48657165,0.2,"TC",12.0688970357331
104,0.48657165,0.2,"TC",15.829780711567
90,0.4461715,0.2,"TC",17.5608193537681
90,0.5269718,0.2,"TC",18.7264608077409
90,0.48657165,0.2,"TC",17.8149622292687
80,0.4577144,0.2,"TC",18.663719166347
100,0.4577144,0.2,"TC",17.897284486141
80,0.5154289,0.2,"TC",16.2547255024222
100,0.5154289,0.2,"TC",16.8936511135516
76,0.48657165,0.2,"TC",16.0255503473102
104,0.48657165,0.2,"TC",14.7687138226676
90,0.4461715,0.2,"TC",23.701413219494
90,0.5269718,0.2,"TC",20.04599818196
90,0.48657165,0.2,"TC",21.8220030776428
80,0.4577144,0.2,"TC",13.7639257738672
100,0.4577144,0.2,"TC",22.7015922609046
80,0.5154289,0.2,"TC",15.434803686873
100,0.5154289,0.2,"TC",19.6903892986956
76,0.48657165,0.2,"TC",16.102060167632
104,0.48657165,0.2,"TC",18.3928123771464
90,0.4461715,0.2,"TC",14.7063223744057
90,0.5269718,0.2,"TC",13.6180035649757
90,0.48657165,0.2,"TC",19.9579269309314
80,0.4577144,0.2,"TC",18.8967195814038
100,0.4577144,0.2,"TC",19.3474832402835
80,0.5154289,0.2,"TC",14.0681874380685
100,0.5154289,0.2,"TC",23.4873227634644
76,0.48657165,0.2,"TC",15.5232324821334
104,0.48657165,0.2,"TC",18.5879489765046
90,0.4461715,0.2,"TC",19.5000544167899
90,0.5269718,0.2,"TC",17.3439116417416
90,0.48657165,0.2,"TC",13.9373589936862
80,0.4577144,0.2,"TC",21.2544036430678
100,0.4577144,0.2,"TC",21.7136387200824
80,0.5154289,0.2,"TC",16.0005648351109
100,0.5154289,0.2,"TC",15.7293060720335
76,0.48657165,0.2,"TC",19.8014899840429
104,0.48657165,0.2,"TC",20.1012123791726
90,0.4461715,0.2,"TC",17.4387528209141
90,0.5269718,0.2,"TC",20.5364580682893
90,0.48657165,0.2,"TC",15.069711226925
80,0.4577144,0.2,"TC",10.4438917933275
100,0.4577144,0.2,"TC",20.5585066379914
80,0.5154289,0.2,"TC",16.6767605453852
100,0.5154289,0.2,"TC",17.2633085916695
76,0.48657165,0.2,"TC",19.501831112223
104,0.48657165,0.2,"TC",21.1847925816188
90,0.4461715,0.2,"TC",18.5655981589182
90,0.5269718,0.2,"TC",15.1660902123277
90,0.48657165,0.2,"TC",19.8772396413508
80,0.4577144,0.2,"TC",16.8042926445394
100,0.4577144,0.2,"TC",20.4109677859781
80,0.5154289,0.2,"TC",15.6226287269396
100,0.5154289,0.2,"TC",15.3203978220744
76,0.48657165,0.2,"TC",17.8573778604666
104,0.48657165,0.2,"TC",16.0979390721605
90,0.4461715,0.2,"TC",16.8193527966976
90,0.5269718,0.2,"TC",15.9139257578402
90,0.48657165,0.2,"TC",19.9256926112648
80,0.4577144,0.2,"TC",21.1828897989155
100,0.4577144,0.2,"TC",19.1517344047253
80,0.5154289,0.2,"TC",12.6384728328078
100,0.5154289,0.2,"TC",16.181225479059
76,0.48657165,0.2,"TC",18.398684751887
104,0.48657165,0.2,"TC",17.3086656830145
90,0.4461715,0.2,"TC",16.449637742584
90,0.5269718,0.2,"TC",18.7640433152416
90,0.48657165,0.2,"TC",16.288379475524
80,0.4577144,0.2,"TC",14.4821306298555
100,0.4577144,0.2,"TC",18.0422426113751
80,0.5154289,0.2,"TC",16.6061763105717
100,0.5154289,0.2,"TC",9.12930740978488
76,0.48657165,0.2,"TC",15.3443475374842
104,0.48657165,0.2,"TC",14.8336652544687
90,0.4461715,0.2,"TC",17.3289795613815
90,0.5269718,0.2,"TC",18.0010790598625
90,0.48657165,0.2,"TC",22.1044623980961
80,0.4577144,0.2,"TC",23.3110764293712
100,0.4577144,0.2,"TC",17.3205074691037
80,0.5154289,0.2,"TC",13.2443263380822
100,0.5154289,0.2,"TC",21.6827207219277
76,0.48657165,0.2,"TC",19.2207169806275
104,0.48657165,0.2,"TC",20.0642986896746
90,0.4461715,0.2,"TC",16.643270791385
90,0.5269718,0.2,"TC",15.2026182069156
90,0.48657165,0.2,"TC",16.3453011645181
80,0.4577144,0.2,"TC",18.9746751064126
100,0.4577144,0.2,"TC",18.0003667539344
80,0.5154289,0.2,"TC",18.2502037516351
100,0.5154289,0.2,"TC",19.9068597673695
76,0.48657165,0.2,"TC",15.3869089959602
104,0.48657165,0.2,"TC",15.0465626320372
90,0.4461715,0.2,"TC",24.7868946541826
90,0.5269718,0.2,"TC",18.8798529614801
90,0.48657165,0.2,"TC",20.3574087797705
80,0.4577144,0.2,"TC",11.0956998090752
100,0.4577144,0.2,"TC",22.2082392768631
80,0.5154289,0.2,"TC",12.5804111885237
100,0.5154289,0.2,"TC",18.8811789815678
76,0.48657165,0.2,"TC",19.3783937777928
104,0.48657165,0.2,"TC",14.0351808116761
90,0.4461715,0.2,"TC",16.2372345991449
90,0.5269718,0.2,"TC",19.4640329085216
90,0.48657165,0.2,"TC",20.8747341926149
80,0.4577144,0.2,"TC",14.7721348516516
100,0.4577144,0.2,"TC",20.4188672823554
80,0.5154289,0.2,"TC",15.7732379675122
100,0.5154289,0.2,"TC",18.174103319776
76,0.48657165,0.2,"TC",18.988365928337
104,0.48657165,0.2,"TC",19.3942319699203
90,0.4461715,0.2,"TC",11.7438226129399
90,0.5269718,0.2,"TC",15.216615733312
90,0.48657165,0.2,"TC",14.4282980794868
80,0.4577144,0.2,"TC",14.8429422705736
100,0.4577144,0.2,"TC",23.1755071175635
80,0.5154289,0.2,"TC",18.9638234271718
100,0.5154289,0.2,"TC",14.2726007374178
76,0.48657165,0.2,"TC",20.9232976839209
104,0.48657165,0.2,"TC",26.9656641335184
90,0.4461715,0.2,"TC",17.9431675643911
90,0.5269718,0.2,"TC",15.0243787743455
90,0.48657165,0.2,"TC",16.1580243772995
80,0.4577144,0.2,"TC",11.3592190483485
100,0.4577144,0.2,"TC",21.7965618253175
80,0.5154289,0.2,"TC",16.8475178811263
100,0.5154289,0.2,"TC",18.0427457818938
76,0.48657165,0.2,"TC",19.1153142060382
104,0.48657165,0.2,"TC",18.3612740164847
90,0.4461715,0.2,"TC",16.5018296912177
90,0.5269718,0.2,"TC",14.9188459108737
90,0.48657165,0.2,"TC",15.5616602295897
80,0.4577144,0.2,"TC",15.4863094423767
100,0.4577144,0.2,"TC",17.4616033240628
80,0.5154289,0.2,"TC",17.9178754346861
100,0.5154289,0.2,"TC",13.1211213068283
76,0.48657165,0.2,"TC",22.398674994668
104,0.48657165,0.2,"TC",10.2434116173558
90,0.4461715,0.2,"TC",23.094144148722
90,0.5269718,0.2,"TC",18.1844009101014
90,0.48657165,0.2,"TC",20.538338921411
80,0.4577144,0.2,"TC",17.992160344284
100,0.4577144,0.2,"TC",21.2662612464649
80,0.5154289,0.2,"TC",18.2327764381768
100,0.5154289,0.2,"TC",17.3847906266088
76,0.48657165,0.2,"TC",17.9527813890426
104,0.48657165,0.2,"TC",17.497927137118
90,0.4461715,0.2,"TC",19.6338804561924
90,0.5269718,0.2,"TC",18.0687300255174
90,0.48657165,0.2,"TC",19.7891477156441
80,0.4577144,0.2,"TC",13.3717589226816
100,0.4577144,0.2,"TC",19.0520652687076
80,0.5154289,0.2,"TC",13.408262627167
100,0.5154289,0.2,"TC",22.0985877279117
76,0.48657165,0.2,"TC",16.0208091390286
104,0.48657165,0.2,"TC",15.9812227299499
90,0.4461715,0.2,"TC",17.3214970610849
90,0.5269718,0.2,"TC",14.5990987535127
90,0.48657165,0.2,"TC",16.9989664114388
80,0.4577144,0.2,"TC",14.45037716382
100,0.4577144,0.2,"TC",19.6019598449446
80,0.5154289,0.2,"TC",15.0858703072016
100,0.5154289,0.2,"TC",21.6251576787015
76,0.48657165,0.2,"TC",22.3911725281417
104,0.48657165,0.2,"TC",17.8047829660776
90,0.4461715,0.2,"TC",17.0524135639272
90,0.5269718,0.2,"TC",12.6393102938339
90,0.48657165,0.2,"TC",13.4157362779779
80,0.4577144,0.2,"TC",18.4260129638832
100,0.4577144,0.2,"TC",17.3130452655347
80,0.5154289,0.2,"TC",15.9541438871583
100,0.5154289,0.2,"TC",15.9959057495306
76,0.48657165,0.2,"TC",21.006038446519
104,0.48657165,0.2,"TC",18.7281692971838
90,0.4461715,0.2,"TC",15.9643665097109
90,0.5269718,0.2,"TC",13.1996770605657
90,0.48657165,0.2,"TC",13.1893020330918
80,0.4577144,0.2,"TC",20.6150376660213
100,0.4577144,0.2,"TC",18.6750482396371
80,0.5154289,0.2,"TC",22.411393811662
100,0.5154289,0.2,"TC",19.0870158062911
76,0.48657165,0.2,"TC",20.2398561487859
104,0.48657165,0.2,"TC",13.9588855642528
90,0.4461715,0.2,"TC",19.221978326268
90,0.5269718,0.2,"TC",13.9587593703826
90,0.48657165,0.2,"TC",19.3619904554767
80,0.4577144,0.2,"TC",18.1150481211434
100,0.4577144,0.2,"TC",14.6863065220388
80,0.5154289,0.2,"TC",16.7025246393622
100,0.5154289,0.2,"TC",15.1561356063064
76,0.48657165,0.2,"TC",15.5171607825965
104,0.48657165,0.2,"TC",13.0761835789874
90,0.4461715,0.2,"TC",15.6804750810867
90,0.5269718,0.2,"TC",13.0152566404713
90,0.48657165,0.2,"TC",16.8196143312441
